Domain,Base Domain,domain,status_code,usa_classes_detected,uswds_detected,usa_detected,flag_detected,flagincss_detected,sourcesansfont_detected,uswdsincss_detected,merriweatherfont_detected,publicsansfont_detected,uswdsversion,tables,total_score
ucia.gov,ucia.gov,ucia.gov,-1,0,0,0,0,0,0,0,0,0,,0,0
abmc.gov,abmc.gov,abmc.gov,400,0,0,0,0,0,0,0,0,0,,0,0
afrh.gov,afrh.gov,afrh.gov,-1,0,0,0,0,0,0,0,0,0,,0,0
asc.gov,asc.gov,asc.gov,404,0,0,0,0,0,0,0,0,0,,0,0
ic.gov,ic.gov,ic.gov,-1,0,0,0,0,0,0,0,0,0,,0,0
istac.gov,istac.gov,istac.gov,-1,0,0,0,0,0,0,0,0,0,,0,0
df.gov,df.gov,df.gov,-1,0,0,0,0,0,0,0,0,0,,0,0
consumerfinancialbureau.gov,consumerfinancialbureau.gov,consumerfinancialbureau.gov,-1,0,0,0,0,0,0,0,0,0,,0,0
goldwaterscholarship.gov,goldwaterscholarship.gov,goldwaterscholarship.gov,-1,0,0,0,0,0,0,0,0,0,,0,0
opensource.gov,opensource.gov,opensource.gov,503,0,0,0,0,0,0,0,0,0,,0,0
voa.gov,voa.gov,voa.gov,-1,0,0,0,0,0,0,0,0,0,,0,0
ttic.gov,ttic.gov,ttic.gov,-1,0,0,0,0,0,0,0,0,0,,0,0
nctc.gov,nctc.gov,nctc.gov,200,0,0,0,0,0,0,0,0,0,,0,0
mimm.gov,mimm.gov,mimm.gov,200,0,0,0,0,0,0,0,0,0,,0,0
recalls.gov,recalls.gov,recalls.gov,200,0,0,0,0,0,0,0,0,0,,-40,0
saferproducts.gov,saferproducts.gov,saferproducts.gov,200,0,0,0,0,0,0,0,0,0,,0,0
cpsc.gov,cpsc.gov,cpsc.gov,200,0,0,0,0,0,0,0,0,0,,0,0
odci.gov,odci.gov,odci.gov,-1,0,0,0,0,0,0,0,0,0,,0,0
cncsoig.gov,cncsoig.gov,cncsoig.gov,404,0,0,0,0,0,0,0,0,0,,0,0
cigie.gov,cigie.gov,cigie.gov,-1,0,0,0,0,0,0,0,0,0,,0,0
arc.gov,arc.gov,arc.gov,200,0,0,0,0,0,0,0,0,0,,-100,0
consumerfinancialprotectionbureau.gov,consumerfinancialprotectionbureau.gov,consumerfinancialprotectionbureau.gov,-1,0,0,0,0,0,0,0,0,0,,0,0
csosa.fed.us,csosa.fed.us,csosa.fed.us,-1,0,0,0,0,0,0,0,0,0,,0,0
saferproduct.gov,saferproduct.gov,saferproduct.gov,200,0,0,0,0,0,0,0,0,0,,0,0
pretrialservices.gov,pretrialservices.gov,pretrialservices.gov,-1,0,0,0,0,0,0,0,0,0,,0,0
dnfsb.gov,dnfsb.gov,dnfsb.gov,-1,0,0,0,0,0,0,0,0,0,,0,0
consumerfinancial.gov,consumerfinancial.gov,consumerfinancial.gov,200,0,0,0,0,0,0,0,0,0,,0,0
capnhq.gov,capnhq.gov,capnhq.gov,200,0,0,0,0,0,0,0,0,0,,-10,0
consumerfinance.gov,consumerfinance.gov,consumerfinance.gov,200,0,0,0,0,0,0,0,0,0,,0,0
atvsafety.gov,atvsafety.gov,atvsafety.gov,200,0,0,0,0,0,0,0,0,0,,0,0
bcfp.gov,bcfp.gov,bcfp.gov,200,0,0,0,0,0,0,0,0,0,,0,0
cfpa.gov,cfpa.gov,cfpa.gov,200,0,0,0,0,0,0,0,0,0,,0,0
consumerprotectionbureau.gov,consumerprotectionbureau.gov,consumerprotectionbureau.gov,200,0,0,0,0,0,0,0,0,0,,0,0
bldrdoc.gov,bldrdoc.gov,bldrdoc.gov,-1,0,0,0,0,0,0,0,0,0,,0,0
consumerbureau.gov,consumerbureau.gov,consumerbureau.gov,200,0,0,0,0,0,0,0,0,0,,0,0
cfpb.gov,cfpb.gov,cfpb.gov,200,0,0,0,0,0,0,0,0,0,,0,0
consumerprotection.gov,consumerprotection.gov,consumerprotection.gov,200,0,0,0,0,0,0,0,0,0,,0,0
psa.gov,psa.gov,psa.gov,-1,0,0,0,0,0,0,0,0,0,,0,0
ignet.gov,ignet.gov,ignet.gov,200,0,0,0,0,0,0,0,0,0,,0,0
digitalliteracy.gov,digitalliteracy.gov,digitalliteracy.gov,-1,0,0,0,0,0,0,0,0,0,,0,0
seguridadconsumidor.gov,seguridadconsumidor.gov,seguridadconsumidor.gov,200,0,0,0,0,0,0,0,0,0,,0,0
nationalservice.gov,nationalservice.gov,nationalservice.gov,200,0,0,0,0,0,0,0,0,0,,0,0
drywallresponse.gov,drywallresponse.gov,drywallresponse.gov,200,0,0,0,0,0,0,0,0,0,,0,0
usagm.gov,usagm.gov,usagm.gov,200,10,0,0,20,0,0,0,0,0,,0,30
serve.gov,serve.gov,serve.gov,200,0,0,0,0,0,0,0,0,0,,0,0
americorps.gov,americorps.gov,americorps.gov,200,0,0,0,0,0,0,0,0,0,,0,0
seniorcorps.gov,seniorcorps.gov,seniorcorps.gov,200,0,0,0,0,0,0,0,0,0,,0,0
aviationweather.gov,aviationweather.gov,aviationweather.gov,200,0,0,0,0,0,0,0,0,0,,0,0
mlkday.gov,mlkday.gov,mlkday.gov,200,0,0,0,0,0,0,0,0,0,,0,0
volunteeringinamerica.gov,volunteeringinamerica.gov,volunteeringinamerica.gov,200,0,0,0,0,0,0,0,0,0,,0,0
buyusa.gov,buyusa.gov,buyusa.gov,200,0,0,0,0,0,0,0,0,0,,0,0
fishwatch.gov,fishwatch.gov,fishwatch.gov,-1,0,0,0,0,0,0,0,0,0,,0,0
cns.gov,cns.gov,cns.gov,-1,0,0,0,0,0,0,0,0,0,,0,0
cncs.gov,cncs.gov,cncs.gov,-1,0,0,0,0,0,0,0,0,0,,0,0
cia.gov,cia.gov,cia.gov,200,0,0,0,0,0,0,0,0,0,,0,0
luca-appeals.gov,luca-appeals.gov,luca-appeals.gov,-1,0,0,0,0,0,0,0,0,0,,0,0
bbg.gov,bbg.gov,bbg.gov,-1,0,0,0,0,0,0,0,0,0,,0,0
joinamericorps.gov,joinamericorps.gov,joinamericorps.gov,200,0,0,0,0,0,0,0,0,0,,0,0
cap.gov,cap.gov,cap.gov,-1,0,0,0,0,0,0,0,0,0,,0,0
acus.gov,acus.gov,acus.gov,200,0,0,0,0,0,0,0,0,0,,0,0
cep.gov,cep.gov,cep.gov,200,0,0,0,0,0,0,0,0,0,,0,0
denali.gov,denali.gov,denali.gov,200,0,0,0,0,0,0,0,0,0,,0,0
nwirp.gov,nwirp.gov,nwirp.gov,-1,0,0,0,0,0,0,0,0,0,,0,0
ofcm.gov,ofcm.gov,ofcm.gov,-1,0,0,0,0,0,0,0,0,0,,0,0
dra.gov,dra.gov,dra.gov,200,0,0,0,0,0,0,0,0,0,,0,0
mgi.gov,mgi.gov,mgi.gov,200,0,0,0,0,0,0,0,0,0,,-10,0
bea.gov,bea.gov,bea.gov,200,10,0,0,20,20,0,0,0,0,,-10,40
safetyvideos.gov,safetyvideos.gov,safetyvideos.gov,200,0,0,0,0,0,0,0,0,0,,0,0
commerce.gov,commerce.gov,commerce.gov,200,50,7,2,20,0,5,20,5,0,,0,109
marinecadastre.gov,marinecadastre.gov,marinecadastre.gov,200,0,0,0,0,0,0,0,0,0,,0,0
sdr.gov,sdr.gov,sdr.gov,-1,0,0,0,0,0,0,0,0,0,,0,0
ntia.gov,ntia.gov,ntia.gov,200,0,0,0,0,0,0,0,0,0,,-10,0
oversight.gov,oversight.gov,oversight.gov,-1,0,0,0,0,0,0,0,0,0,,0,0
ap.gov,ap.gov,ap.gov,-1,0,0,0,0,0,0,0,0,0,,0,0
2020census.gov,2020census.gov,2020census.gov,-1,0,0,0,0,0,0,0,0,0,,0,0
presidentialserviceawards.gov,presidentialserviceawards.gov,presidentialserviceawards.gov,200,40,0,0,0,0,0,0,0,0,,0,40
ibb.gov,ibb.gov,ibb.gov,200,0,0,0,20,20,0,0,5,0,,0,45
time.gov,time.gov,time.gov,-1,0,0,0,0,0,0,0,0,0,,0,0
poolsafely.gov,poolsafely.gov,poolsafely.gov,200,0,0,0,0,0,0,0,0,0,,0,0
fea.gov,fea.gov,fea.gov,200,0,0,0,0,0,0,0,0,0,,0,0
pscr.gov,pscr.gov,pscr.gov,-1,0,0,0,0,0,0,0,0,0,,0,0
csosa.gov,csosa.gov,csosa.gov,-1,0,0,0,0,0,0,0,0,0,,0,0
manufacturing.gov,manufacturing.gov,manufacturing.gov,200,35,11,0,0,0,0,0,0,0,,0,46
mbda.gov,mbda.gov,mbda.gov,-1,0,0,0,0,0,0,0,0,0,,0,0
my2020census.gov,my2020census.gov,my2020census.gov,-1,0,0,0,0,0,0,0,0,0,,0,0
export.gov,export.gov,export.gov,-1,0,0,0,0,0,0,0,0,0,,0,0
sworm.gov,sworm.gov,sworm.gov,500,0,0,0,0,0,0,0,0,0,,0,0
goes-r.gov,goes-r.gov,goes-r.gov,200,0,0,0,0,0,0,0,0,0,,0,0
dc3on.gov,dc3on.gov,dc3on.gov,-1,0,0,0,0,0,0,0,0,0,,0,0
mentor.gov,mentor.gov,mentor.gov,200,0,0,0,0,0,0,0,0,0,,0,0
dod.gov,dod.gov,dod.gov,-1,0,0,0,0,0,0,0,0,0,,0,0
cnss.gov,cnss.gov,cnss.gov,-1,0,0,0,0,0,0,0,0,0,,0,0
nehrp.gov,nehrp.gov,nehrp.gov,200,0,0,0,0,0,0,0,0,0,,0,0
ctoc.gov,ctoc.gov,ctoc.gov,-1,0,0,0,0,0,0,0,0,0,,0,0
itc.gov,itc.gov,itc.gov,-1,0,0,0,0,0,0,0,0,0,,0,0
vistacampus.gov,vistacampus.gov,vistacampus.gov,200,0,0,0,0,0,5,0,0,0,,0,5
doc.gov,doc.gov,doc.gov,200,50,7,2,20,0,5,20,5,0,,0,109
cttso.gov,cttso.gov,cttso.gov,200,0,0,0,0,0,0,0,0,0,,0,0
climate.gov,climate.gov,climate.gov,200,0,0,0,0,0,0,0,0,0,,0,0
mtmc.gov,mtmc.gov,mtmc.gov,-1,0,0,0,0,0,0,0,0,0,,0,0
ioss.gov,ioss.gov,ioss.gov,-1,0,0,0,0,0,0,0,0,0,,0,0
nationalmall.gov,nationalmall.gov,nationalmall.gov,-1,0,0,0,0,0,0,0,0,0,,0,0
abmcscholar.gov,abmcscholar.gov,abmcscholar.gov,-1,0,0,0,0,0,0,0,0,0,,0,0
osde.gov,osde.gov,osde.gov,-1,0,0,0,0,0,0,0,0,0,,0,0
jccs.gov,jccs.gov,jccs.gov,-1,0,0,0,0,0,0,0,0,0,,0,0
ntis.gov,ntis.gov,ntis.gov,200,0,0,0,0,0,0,0,0,0,,0,0
nro.gov,nro.gov,nro.gov,-1,0,0,0,0,0,0,0,0,0,,0,0
nist.gov,nist.gov,nist.gov,200,75,0,0,0,0,5,0,5,0,,0,85
earthsystemprediction.gov,earthsystemprediction.gov,earthsystemprediction.gov,200,0,0,0,0,0,0,0,0,0,,0,0
nbis.gov,nbis.gov,nbis.gov,-1,0,0,0,0,0,0,0,0,0,,0,0
siteidiq.gov,siteidiq.gov,siteidiq.gov,-1,0,0,0,0,0,0,0,0,0,,0,0
usandc.gov,usandc.gov,usandc.gov,-1,0,0,0,0,0,0,0,0,0,,0,0
drought.gov,drought.gov,drought.gov,200,0,0,0,0,0,5,0,0,0,,0,5
iad.gov,iad.gov,iad.gov,-1,0,0,0,0,0,0,0,0,0,,0,0
tswg.gov,tswg.gov,tswg.gov,-1,0,0,0,0,0,0,0,0,0,,0,0
pentagon.gov,pentagon.gov,pentagon.gov,-1,0,0,0,0,0,0,0,0,0,,0,0
nsep.gov,nsep.gov,nsep.gov,200,0,0,0,0,0,0,0,0,0,,0,0
privacyshield.gov,privacyshield.gov,privacyshield.gov,200,0,0,0,0,0,5,0,0,0,,0,5
mojavedata.gov,mojavedata.gov,mojavedata.gov,200,0,0,0,0,0,0,0,0,0,,0,0
eda.gov,eda.gov,eda.gov,200,0,0,0,0,0,0,0,0,0,,0,0
whistleblower.gov,whistleblower.gov,whistleblower.gov,200,0,0,0,0,0,0,0,0,0,,0,0
budgetlob.gov,budgetlob.gov,budgetlob.gov,200,0,0,0,0,0,0,0,0,0,,-60,0
tsunami.gov,tsunami.gov,tsunami.gov,200,0,0,0,0,0,0,0,0,0,,0,0
adlnet.gov,adlnet.gov,adlnet.gov,200,55,6,0,20,0,5,20,0,0,,0,106
anl.gov,anl.gov,anl.gov,-1,0,0,0,0,0,0,0,0,0,,0,0
spectrum.gov,spectrum.gov,spectrum.gov,200,0,0,0,0,0,0,0,0,0,,0,0
ameslab.gov,ameslab.gov,ameslab.gov,-1,0,0,0,0,0,0,0,0,0,,0,0
firstnet.gov,firstnet.gov,firstnet.gov,200,0,0,0,0,0,0,0,0,0,,0,0
biomassboard.gov,biomassboard.gov,biomassboard.gov,403,0,0,0,0,0,0,0,0,0,,0,0
stopfakes.gov,stopfakes.gov,stopfakes.gov,200,0,0,0,0,0,5,0,0,0,,0,5
studentaid.gov,studentaid.gov,studentaid.gov,200,0,0,0,0,0,0,0,0,0,,0,0
g5.gov,g5.gov,g5.gov,200,0,0,0,0,0,0,0,0,0,,0,0
aftac.gov,aftac.gov,aftac.gov,-1,0,0,0,0,0,0,0,0,0,,0,0
childstats.gov,childstats.gov,childstats.gov,200,0,0,0,0,0,0,0,0,0,,0,0
cebaf.gov,cebaf.gov,cebaf.gov,-1,0,0,0,0,0,0,0,0,0,,0,0
cftc.gov,cftc.gov,cftc.gov,200,0,0,0,0,0,0,0,0,0,,0,0
doe.gov,doe.gov,doe.gov,-1,0,0,0,0,0,0,0,0,0,,0,0
cendi.gov,cendi.gov,cendi.gov,403,0,0,0,0,0,0,0,0,0,,0,0
energysaver.gov,energysaver.gov,energysaver.gov,-1,0,0,0,0,0,0,0,0,0,,0,0
standards.gov,standards.gov,standards.gov,200,75,0,0,0,0,0,0,0,0,,0,75
poolsafety.gov,poolsafety.gov,poolsafety.gov,200,0,0,0,0,0,0,0,0,0,,0,0
collegenavigator.gov,collegenavigator.gov,collegenavigator.gov,200,0,0,0,0,0,0,0,0,0,,-10,0
energysavers.gov,energysavers.gov,energysavers.gov,-1,0,0,0,0,0,0,0,0,0,,0,0
selectusa.gov,selectusa.gov,selectusa.gov,200,0,0,0,0,0,5,0,0,0,,0,5
census.gov,census.gov,census.gov,200,0,0,0,0,0,0,0,0,0,,0,0
hydrogen.gov,hydrogen.gov,hydrogen.gov,403,0,0,0,0,0,0,0,0,0,,0,0
spaceweather.gov,spaceweather.gov,spaceweather.gov,200,0,0,0,0,0,0,0,0,0,,-80,0
inel.gov,inel.gov,inel.gov,-1,0,0,0,0,0,0,0,0,0,,0,0
anchorit.gov,anchorit.gov,anchorit.gov,200,0,0,0,0,0,0,0,0,0,,0,0
hurricanes.gov,hurricanes.gov,hurricanes.gov,200,0,0,0,0,0,0,0,0,0,,-190,0
eia.gov,eia.gov,eia.gov,200,0,0,0,0,0,0,0,0,0,,0,0
noaa.gov,noaa.gov,noaa.gov,200,0,0,0,0,0,0,0,0,0,,0,0
isotope.gov,isotope.gov,isotope.gov,-1,0,0,0,0,0,0,0,0,0,,0,0
altusandc.gov,altusandc.gov,altusandc.gov,-1,0,0,0,0,0,0,0,0,0,,0,0
cmts.gov,cmts.gov,cmts.gov,-1,0,0,0,0,0,0,0,0,0,,0,0
nagb.gov,nagb.gov,nagb.gov,200,0,0,0,0,0,0,0,0,0,,0,0
ed.gov,ed.gov,ed.gov,200,0,0,0,0,0,0,0,0,0,,0,0
nrelhub.gov,nrelhub.gov,nrelhub.gov,-1,0,0,0,0,0,0,0,0,0,,0,0
casl.gov,casl.gov,casl.gov,200,0,0,0,0,0,0,0,0,0,,0,0
ntrc.gov,ntrc.gov,ntrc.gov,-1,0,0,0,0,0,0,0,0,0,,0,0
ncrc.gov,ncrc.gov,ncrc.gov,-1,0,0,0,0,0,0,0,0,0,,0,0
weather.gov,weather.gov,weather.gov,200,0,0,0,0,0,0,0,0,0,,0,0
papahanaumokuakea.gov,papahanaumokuakea.gov,papahanaumokuakea.gov,200,0,2,0,0,0,5,0,5,0,,0,12
lbl.gov,lbl.gov,lbl.gov,403,0,0,0,0,0,0,0,0,0,,0,0
edpubs.gov,edpubs.gov,edpubs.gov,-1,0,0,0,0,0,0,0,0,0,,0,0
energy.gov,energy.gov,energy.gov,200,0,0,0,0,0,0,0,0,0,,0,0
dnsops.gov,dnsops.gov,dnsops.gov,-1,0,0,0,0,0,0,0,0,0,,0,0
pppo.gov,pppo.gov,pppo.gov,-1,0,0,0,0,0,0,0,0,0,,0,0
lanl.gov,lanl.gov,lanl.gov,200,0,0,0,0,0,0,0,0,0,,0,0
xd.gov,xd.gov,xd.gov,-1,0,0,0,0,0,0,0,0,0,,0,0
isotopes.gov,isotopes.gov,isotopes.gov,200,0,0,0,0,0,0,0,0,0,,0,0
rl.gov,rl.gov,rl.gov,-1,0,0,0,0,0,0,0,0,0,,0,0
hanford.gov,hanford.gov,hanford.gov,200,0,0,0,0,0,0,0,0,0,,-40,0
fueleconomy.gov,fueleconomy.gov,fueleconomy.gov,200,0,0,0,0,0,0,0,0,0,,0,0
buildingamerica.gov,buildingamerica.gov,buildingamerica.gov,200,0,0,0,0,0,0,0,0,0,,0,0
solardecathlon.gov,solardecathlon.gov,solardecathlon.gov,-1,0,0,0,0,0,0,0,0,0,,0,0
srs.gov,srs.gov,srs.gov,-1,0,0,0,0,0,0,0,0,0,,0,0
energycodes.gov,energycodes.gov,energycodes.gov,200,0,0,0,0,0,0,0,0,0,,-20,0
homeenergyscore.gov,homeenergyscore.gov,homeenergyscore.gov,200,0,0,0,0,0,0,0,0,0,,0,0
osti.gov,osti.gov,osti.gov,200,0,0,0,0,0,0,0,0,0,,0,0
unnpp.gov,unnpp.gov,unnpp.gov,-1,0,0,0,0,0,0,0,0,0,,0,0
amtrakoig.gov,amtrakoig.gov,amtrakoig.gov,200,0,0,0,0,0,0,0,0,0,,0,0
wapa.gov,wapa.gov,wapa.gov,-1,0,0,0,0,0,0,0,0,0,,0,0
ymp.gov,ymp.gov,ymp.gov,-1,0,0,0,0,0,0,0,0,0,,0,0
doeal.gov,doeal.gov,doeal.gov,-1,0,0,0,0,0,0,0,0,0,,0,0
fafsa.gov,fafsa.gov,fafsa.gov,-1,0,0,0,0,0,0,0,0,0,,0,0
defense.gov,defense.gov,defense.gov,200,0,0,0,0,0,0,0,0,0,,0,0
science.gov,science.gov,science.gov,200,0,0,0,0,0,0,0,0,0,,0,0
scidac.gov,scidac.gov,scidac.gov,200,0,0,0,0,0,0,0,0,0,,0,0
salmonrecovery.gov,salmonrecovery.gov,salmonrecovery.gov,200,0,0,0,0,0,0,0,0,0,,-20,0
sandia.gov,sandia.gov,sandia.gov,200,0,0,0,0,0,0,0,0,0,,0,0
bam.gov,bam.gov,bam.gov,-1,0,0,0,0,0,0,0,0,0,,0,0
uspto.gov,uspto.gov,uspto.gov,200,0,0,0,0,0,0,0,0,0,,0,0
bioethics.gov,bioethics.gov,bioethics.gov,-1,0,0,0,0,0,0,0,0,0,,0,0
csb.gov,csb.gov,csb.gov,200,0,0,0,0,0,0,0,0,0,,0,0
nsa.gov,nsa.gov,nsa.gov,200,0,0,0,0,0,0,0,0,0,,0,0
businessdefense.gov,businessdefense.gov,businessdefense.gov,-1,0,0,0,0,0,0,0,0,0,,0,0
fvap.gov,fvap.gov,fvap.gov,200,0,0,0,0,0,0,0,0,0,,-10,0
agingstats.gov,agingstats.gov,agingstats.gov,200,0,0,0,0,0,0,0,0,0,,0,0
arm.gov,arm.gov,arm.gov,200,0,0,0,0,0,0,0,5,0,,0,5
cdcpartners.gov,cdcpartners.gov,cdcpartners.gov,-1,0,0,0,0,0,0,0,0,0,,0,0
childcare.gov,childcare.gov,childcare.gov,400,0,0,0,0,0,0,0,0,0,,0,0
clinicaltrial.gov,clinicaltrial.gov,clinicaltrial.gov,-1,0,0,0,0,0,0,0,0,0,,0,0
nuclear.gov,nuclear.gov,nuclear.gov,-1,0,0,0,0,0,0,0,0,0,,0,0
smartgrid.gov,smartgrid.gov,smartgrid.gov,200,0,0,0,0,0,0,0,0,0,,0,0
highperformancebuildings.gov,highperformancebuildings.gov,highperformancebuildings.gov,200,0,0,0,0,0,0,0,0,0,,0,0
alzheimers.gov,alzheimers.gov,alzheimers.gov,200,0,0,0,0,0,5,0,5,0,,0,10
nationsreportcard.gov,nationsreportcard.gov,nationsreportcard.gov,200,0,0,0,0,0,0,0,0,0,,-10,0
acl.gov,acl.gov,acl.gov,200,0,0,0,0,0,0,0,0,0,,0,0
bnl.gov,bnl.gov,bnl.gov,200,0,0,0,0,0,0,0,0,0,,0,0
cdc.gov,cdc.gov,cdc.gov,200,0,0,0,0,0,0,0,5,0,,0,5
nrel.gov,nrel.gov,nrel.gov,200,0,0,0,0,0,0,0,0,0,,0,0
aids.gov,aids.gov,aids.gov,200,0,0,0,0,0,5,0,5,0,,0,10
bpa.gov,bpa.gov,bpa.gov,200,0,0,0,0,0,0,0,0,0,,-280,0
eldercare.gov,eldercare.gov,eldercare.gov,200,0,0,0,0,0,0,0,0,0,,0,0
endingthedocumentgame.gov,endingthedocumentgame.gov,endingthedocumentgame.gov,-1,0,0,0,0,0,0,0,0,0,,0,0
ahcpr.gov,ahcpr.gov,ahcpr.gov,200,20,0,0,0,0,5,20,5,20,,0,70
fda.gov,fda.gov,fda.gov,-1,0,0,0,0,0,0,0,0,0,,0,0
ahrq.gov,ahrq.gov,ahrq.gov,200,20,0,0,0,0,5,20,5,20,,0,70
flu.gov,flu.gov,flu.gov,-1,0,0,0,0,0,0,0,0,0,,0,0
cancer.gov,cancer.gov,cancer.gov,200,0,0,0,0,0,0,0,0,0,,0,0
fatherhood.gov,fatherhood.gov,fatherhood.gov,200,0,0,0,0,0,0,0,0,0,,0,0
neup.gov,neup.gov,neup.gov,200,0,0,0,0,0,0,0,0,0,,-50,0
fruitsandveggiesmatter.gov,fruitsandveggiesmatter.gov,fruitsandveggiesmatter.gov,-1,0,0,0,0,0,0,0,0,0,,0,0
orau.gov,orau.gov,orau.gov,200,55,0,0,0,0,0,0,0,0,,0,55
unrpnet.gov,unrpnet.gov,unrpnet.gov,-1,0,0,0,0,0,0,0,0,0,,0,0
swpa.gov,swpa.gov,swpa.gov,200,0,0,0,0,0,0,0,0,0,,-420,0
acf.gov,acf.gov,acf.gov,-1,0,0,0,0,0,0,0,0,0,,0,0
nationalresourcedirectory.gov,nationalresourcedirectory.gov,nationalresourcedirectory.gov,200,0,0,0,0,0,0,0,0,0,,0,0
afterschool.gov,afterschool.gov,afterschool.gov,-1,0,0,0,0,0,0,0,0,0,,0,0
donaciondeorganos.gov,donaciondeorganos.gov,donaciondeorganos.gov,200,0,0,0,0,0,0,0,5,0,,0,5
diabetescommittee.gov,diabetescommittee.gov,diabetescommittee.gov,200,0,0,0,0,0,0,0,5,0,,0,5
cuidadodesalud.gov,cuidadodesalud.gov,cuidadodesalud.gov,200,0,0,0,0,0,0,0,0,0,,0,0
ornl.gov,ornl.gov,ornl.gov,200,0,0,0,0,0,0,0,0,0,,0,0
cms.gov,cms.gov,cms.gov,200,0,0,0,0,0,0,0,0,0,,0,0
smartcheck.gov,smartcheck.gov,smartcheck.gov,200,0,0,0,0,0,0,0,0,0,,0,0
betobaccofree.gov,betobaccofree.gov,betobaccofree.gov,200,55,22,4,0,0,5,20,5,0,,0,111
nrd.gov,nrd.gov,nrd.gov,200,0,0,0,0,0,0,0,0,0,,0,0
clinicaltrials.gov,clinicaltrials.gov,clinicaltrials.gov,200,5,0,0,0,0,5,20,5,0,,0,35
grantsolutions.gov,grantsolutions.gov,grantsolutions.gov,200,0,0,0,0,0,0,0,0,0,,0,0
erdc.gov,erdc.gov,erdc.gov,-1,0,0,0,0,0,0,0,0,0,,0,0
aging.gov,aging.gov,aging.gov,200,0,0,0,0,0,0,0,0,0,,0,0
hhsops.gov,hhsops.gov,hhsops.gov,-1,0,0,0,0,0,0,0,0,0,,0,0
fnal.gov,fnal.gov,fnal.gov,200,0,0,0,0,0,0,0,0,0,,0,0
everytrycounts.gov,everytrycounts.gov,everytrycounts.gov,200,0,0,0,0,0,0,0,0,0,,0,0
sns.gov,sns.gov,sns.gov,200,0,0,0,0,0,0,0,0,0,,-20,0
edison.gov,edison.gov,edison.gov,200,0,0,0,0,0,0,0,0,0,,-90,0
collegedrinkingprevention.gov,collegedrinkingprevention.gov,collegedrinkingprevention.gov,200,0,0,0,0,0,0,0,0,0,,0,0
findtreatment.gov,findtreatment.gov,findtreatment.gov,200,0,0,0,0,0,0,0,0,20,,0,20
ihs.gov,ihs.gov,ihs.gov,-1,0,0,0,0,0,0,0,0,0,,0,0
health.gov,health.gov,health.gov,200,0,0,0,0,0,0,0,0,0,,0,0
nrojr.gov,nrojr.gov,nrojr.gov,-1,0,0,0,0,0,0,0,0,0,,0,0
hc.gov,hc.gov,hc.gov,200,0,0,0,0,0,0,0,0,0,,0,0
childwelfare.gov,childwelfare.gov,childwelfare.gov,200,0,0,0,0,0,0,0,0,0,,0,0
foodsafety.gov,foodsafety.gov,foodsafety.gov,200,55,9,6,20,0,5,20,5,0,,0,120
nersc.gov,nersc.gov,nersc.gov,200,0,0,0,0,0,0,0,0,0,,0,0
locatorplus.gov,locatorplus.gov,locatorplus.gov,200,0,0,0,0,0,0,0,0,0,,0,0
mypay.gov,mypay.gov,mypay.gov,-1,0,0,0,0,0,0,0,0,0,,0,0
freshempire.gov,freshempire.gov,freshempire.gov,200,0,0,0,0,0,0,0,0,0,,0,0
healthfinder.gov,healthfinder.gov,healthfinder.gov,200,0,0,0,0,0,0,0,0,0,,0,0
dhhs.gov,dhhs.gov,dhhs.gov,200,0,0,0,0,0,0,0,0,0,,0,0
niosh.gov,niosh.gov,niosh.gov,-1,0,0,0,0,0,0,0,0,0,,0,0
docline.gov,docline.gov,docline.gov,-1,0,0,0,0,0,0,0,0,0,,0,0
longtermcare.gov,longtermcare.gov,longtermcare.gov,200,0,0,0,0,0,0,0,0,0,,0,0
idealab.gov,idealab.gov,idealab.gov,200,0,0,0,0,0,0,0,0,0,,0,0
genome.gov,genome.gov,genome.gov,200,0,0,0,0,0,0,0,0,0,,0,0
aoa.gov,aoa.gov,aoa.gov,200,0,0,0,0,0,0,0,0,0,,0,0
medlineplus.gov,medlineplus.gov,medlineplus.gov,200,0,0,0,0,0,0,0,0,0,,0,0
guidelines.gov,guidelines.gov,guidelines.gov,200,20,0,0,0,0,0,0,0,0,,0,20
guideline.gov,guideline.gov,guideline.gov,200,20,0,0,0,0,0,0,0,0,,0,20
hiv.gov,hiv.gov,hiv.gov,200,0,0,0,0,0,5,0,5,0,,0,10
inl.gov,inl.gov,inl.gov,200,0,0,0,0,0,0,0,0,0,,0,0
hrsa.gov,hrsa.gov,hrsa.gov,200,0,0,0,0,0,5,0,5,0,,0,10
healthcare.gov,healthcare.gov,healthcare.gov,200,0,0,0,0,0,0,0,0,0,,0,0
selectagents.gov,selectagents.gov,selectagents.gov,-1,0,0,0,0,0,0,0,0,0,,0,0
iedison.gov,iedison.gov,iedison.gov,200,0,0,0,0,0,0,0,0,0,,-90,0
medicaid.gov,medicaid.gov,medicaid.gov,200,80,0,4,20,0,5,0,5,0,,0,114
thecoolspot.gov,thecoolspot.gov,thecoolspot.gov,-1,0,0,0,0,0,0,0,0,0,,0,0
healthdata.gov,healthdata.gov,healthdata.gov,200,0,0,0,0,0,0,0,0,0,,0,0
healthypeople.gov,healthypeople.gov,healthypeople.gov,200,0,0,0,0,0,0,0,0,0,,0,0
tobacco.gov,tobacco.gov,tobacco.gov,-1,0,0,0,0,0,0,0,0,0,,0,0
nlm.gov,nlm.gov,nlm.gov,200,0,0,0,0,0,0,0,0,0,,0,0
stopalcoholabuse.gov,stopalcoholabuse.gov,stopalcoholabuse.gov,200,0,0,0,0,0,0,0,0,0,,0,0
healthindicators.gov,healthindicators.gov,healthindicators.gov,-1,0,0,0,0,0,0,0,0,0,,0,0
usbm.gov,usbm.gov,usbm.gov,-1,0,0,0,0,0,0,0,0,0,,0,0
usphs.gov,usphs.gov,usphs.gov,-1,0,0,0,0,0,0,0,0,0,,0,0
hhsoig.gov,hhsoig.gov,hhsoig.gov,-1,0,0,0,0,0,0,0,0,0,,0,0
girlshealth.gov,girlshealth.gov,girlshealth.gov,200,0,0,0,0,0,0,0,0,0,,0,0
phe.gov,phe.gov,phe.gov,200,0,0,0,0,0,0,0,0,0,,0,0
insurekidsnow.gov,insurekidsnow.gov,insurekidsnow.gov,200,45,0,3,20,0,5,0,5,0,,0,78
grants.gov,grants.gov,grants.gov,200,0,0,0,0,0,5,0,0,0,,-10,0
healthit.gov,healthit.gov,healthit.gov,200,0,0,0,0,0,5,0,0,0,,0,5
usability.gov,usability.gov,usability.gov,200,0,0,0,0,0,0,0,0,0,,0,0
psc.gov,psc.gov,psc.gov,200,0,0,0,0,0,0,0,0,0,,0,0
organdonor.gov,organdonor.gov,organdonor.gov,200,0,0,0,0,0,0,0,5,0,,0,5
opioids.gov,opioids.gov,opioids.gov,200,10,30,45,0,0,5,20,0,0,,0,110
pandemicflu.gov,pandemicflu.gov,pandemicflu.gov,200,0,0,0,0,0,0,0,0,0,,0,0
whitehouseconferenceonaging.gov,whitehouseconferenceonaging.gov,whitehouseconferenceonaging.gov,200,0,0,0,0,0,0,0,0,0,,0,0
globalhealth.gov,globalhealth.gov,globalhealth.gov,200,0,0,0,0,0,0,0,0,0,,0,0
mesh.gov,mesh.gov,mesh.gov,200,0,0,0,0,0,0,0,0,0,,0,0
evus.gov,evus.gov,evus.gov,-1,0,0,0,0,0,0,0,0,0,,0,0
pubmed.gov,pubmed.gov,pubmed.gov,200,0,0,0,0,0,0,0,0,0,,0,0
ngc.gov,ngc.gov,ngc.gov,200,20,0,0,0,0,0,0,0,0,,0,20
trade.gov,trade.gov,trade.gov,200,0,0,0,0,0,0,0,5,20,,0,25
hhs.gov,hhs.gov,hhs.gov,200,0,0,0,0,0,0,0,0,0,,0,0
therealcost.gov,therealcost.gov,therealcost.gov,200,0,0,0,0,0,0,0,0,0,,0,0
stopbullying.gov,stopbullying.gov,stopbullying.gov,200,45,19,4,0,0,5,20,5,0,,0,98
smokefree.gov,smokefree.gov,smokefree.gov,200,0,0,0,0,0,0,0,0,0,,0,0
vaccines.gov,vaccines.gov,vaccines.gov,200,0,0,0,0,0,0,0,0,0,,0,0
youth.gov,youth.gov,youth.gov,200,0,0,0,0,0,0,0,0,0,,0,0
firstrespondertraining.gov,firstrespondertraining.gov,firstrespondertraining.gov,200,0,0,0,0,0,0,0,0,0,,0,0
womenshealth.gov,womenshealth.gov,womenshealth.gov,200,0,0,0,0,0,0,0,0,0,,0,0
flightschoolcandidates.gov,flightschoolcandidates.gov,flightschoolcandidates.gov,200,0,0,0,0,0,0,0,0,0,,0,0
nnlm.gov,nnlm.gov,nnlm.gov,200,0,0,0,0,0,0,0,0,0,,0,0
tox21.gov,tox21.gov,tox21.gov,200,0,0,0,0,0,0,0,0,0,,0,0
cybersecurity.gov,cybersecurity.gov,cybersecurity.gov,200,0,0,0,0,0,5,0,0,0,,0,5
cyber.gov,cyber.gov,cyber.gov,200,0,0,0,0,0,5,0,0,0,,0,5
thisfreelife.gov,thisfreelife.gov,thisfreelife.gov,200,0,0,0,0,0,0,0,0,0,,0,0
cisa.gov,cisa.gov,cisa.gov,200,0,0,0,0,0,5,0,0,0,,0,5
nih.gov,nih.gov,nih.gov,200,0,0,0,0,0,0,0,0,0,,0,0
disasterassistance.gov,disasterassistance.gov,disasterassistance.gov,200,0,0,0,0,0,0,0,0,0,,0,0
uscg.gov,uscg.gov,uscg.gov,-1,0,0,0,0,0,0,0,0,0,,0,0
studentloans.gov,studentloans.gov,studentloans.gov,-1,0,0,0,0,0,0,0,0,0,,0,0
cbp.gov,cbp.gov,cbp.gov,200,0,0,0,0,0,5,0,0,0,,0,5
fitness.gov,fitness.gov,fitness.gov,200,0,0,0,0,0,0,0,0,0,,0,0
safetyact.gov,safetyact.gov,safetyact.gov,-1,0,0,0,0,0,0,0,0,0,,0,0
biometrics.gov,biometrics.gov,biometrics.gov,200,5,0,0,0,0,5,0,5,0,,0,15
dhs.gov,dhs.gov,dhs.gov,200,0,0,0,0,0,5,0,5,0,,0,10
floodsmart.gov,floodsmart.gov,floodsmart.gov,200,45,28,1,20,0,5,20,5,0,,0,124
medicalcountermeasures.gov,medicalcountermeasures.gov,medicalcountermeasures.gov,200,0,0,0,0,0,0,0,0,0,,0,0
fletc.gov,fletc.gov,fletc.gov,200,0,0,0,0,0,0,0,0,0,,0,0
whaging.gov,whaging.gov,whaging.gov,-1,0,0,0,0,0,0,0,0,0,,0,0
homesales.gov,homesales.gov,homesales.gov,-1,0,0,0,0,0,0,0,0,0,,0,0
firstresponder.gov,firstresponder.gov,firstresponder.gov,200,5,0,0,0,0,5,0,5,0,,0,15
globalentry.gov,globalentry.gov,globalentry.gov,200,0,0,0,0,0,5,0,0,0,,0,5
cpnireporting.gov,cpnireporting.gov,cpnireporting.gov,-1,0,0,0,0,0,0,0,0,0,,0,0
schoolsafety.gov,schoolsafety.gov,schoolsafety.gov,200,45,0,5,0,0,5,20,5,0,,0,80
surgeongeneral.gov,surgeongeneral.gov,surgeongeneral.gov,200,0,0,0,0,0,0,0,0,0,,0,0
gps.gov,gps.gov,gps.gov,200,0,0,0,0,0,0,0,0,0,,0,0
mymedicare.gov,mymedicare.gov,mymedicare.gov,200,0,0,0,0,0,0,0,0,0,,0,0
ada.gov,ada.gov,ada.gov,200,0,0,0,0,0,0,0,0,0,,0,0
fleta.gov,fleta.gov,fleta.gov,200,0,0,0,0,0,0,0,0,0,,0,0
homelandsecurity.gov,homelandsecurity.gov,homelandsecurity.gov,200,0,0,0,0,0,5,0,5,0,,0,10
us-cert.gov,us-cert.gov,us-cert.gov,200,0,0,0,0,0,5,0,0,0,,0,5
everify.gov,everify.gov,everify.gov,200,0,0,0,0,0,5,0,0,0,,0,5
bop.gov,bop.gov,bop.gov,-1,0,0,0,0,0,0,0,0,0,,0,0
drugabuse.gov,drugabuse.gov,drugabuse.gov,200,0,0,0,0,0,0,0,0,0,,0,0
e-verify.gov,e-verify.gov,e-verify.gov,200,0,0,0,0,0,5,0,0,0,,0,5
fha.gov,fha.gov,fha.gov,200,0,0,0,0,0,0,0,0,0,,0,0
disasterhousing.gov,disasterhousing.gov,disasterhousing.gov,200,0,0,0,0,0,0,0,0,0,,0,0
hud.gov,hud.gov,hud.gov,200,0,0,0,0,0,0,0,0,0,,0,0
uscis.gov,uscis.gov,uscis.gov,200,0,0,0,0,0,5,0,0,0,,0,5
deaecom.gov,deaecom.gov,deaecom.gov,-1,0,0,0,0,0,0,0,0,0,,0,0
tsa.gov,tsa.gov,tsa.gov,200,60,0,0,0,0,5,20,5,0,,0,90
ready.gov,ready.gov,ready.gov,200,55,6,4,0,0,5,20,5,0,,0,95
doj.gov,doj.gov,doj.gov,-1,0,0,0,0,0,0,0,0,0,,0,0
huduser.gov,huduser.gov,huduser.gov,200,0,0,0,0,0,0,0,0,0,,0,0
niem.gov,niem.gov,niem.gov,200,0,0,0,0,0,0,0,0,0,,0,0
secretservice.gov,secretservice.gov,secretservice.gov,200,0,0,0,0,0,0,0,0,0,,0,0
nccs.gov,nccs.gov,nccs.gov,200,0,0,0,0,0,0,0,5,0,,-10,0
ice.gov,ice.gov,ice.gov,200,0,0,0,0,0,0,0,0,0,,0,0
atfonline.gov,atfonline.gov,atfonline.gov,200,0,0,0,0,0,0,0,0,0,,-20,0
fpi.gov,fpi.gov,fpi.gov,-1,0,0,0,0,0,0,0,0,0,,0,0
nls.gov,nls.gov,nls.gov,200,0,0,0,0,0,0,0,0,0,,0,0
usss.gov,usss.gov,usss.gov,200,0,0,0,0,0,0,0,0,0,,0,0
hudoig.gov,hudoig.gov,hudoig.gov,200,0,0,0,0,0,0,0,0,0,,0,0
ic3.gov,ic3.gov,ic3.gov,-1,0,0,0,0,0,0,0,0,0,,0,0
forfeiture.gov,forfeiture.gov,forfeiture.gov,200,0,0,0,0,0,0,0,0,0,,0,0
crimevictims.gov,crimevictims.gov,crimevictims.gov,200,0,0,0,0,0,0,0,0,0,,-40,0
nationalhousing.gov,nationalhousing.gov,nationalhousing.gov,200,0,0,0,0,0,0,0,0,0,,0,0
opportunityzones.gov,opportunityzones.gov,opportunityzones.gov,200,0,0,0,0,0,0,0,0,0,,0,0
learnatf.gov,learnatf.gov,learnatf.gov,-1,0,0,0,0,0,0,0,0,0,,0,0
nationalhousinglocator.gov,nationalhousinglocator.gov,nationalhousinglocator.gov,200,0,0,0,0,0,0,0,0,0,,0,0
leo.gov,leo.gov,leo.gov,-1,0,0,0,0,0,0,0,0,0,,0,0
pppl.gov,pppl.gov,pppl.gov,-1,0,0,0,0,0,0,0,0,0,,0,0
nmsc.gov,nmsc.gov,nmsc.gov,-1,0,0,0,0,0,0,0,0,0,,0,0
amberalert.gov,amberalert.gov,amberalert.gov,200,50,2,0,0,0,0,0,0,0,,0,52
lep.gov,lep.gov,lep.gov,403,0,0,0,0,0,0,0,0,0,,0,0
biometriccoe.gov,biometriccoe.gov,biometriccoe.gov,200,0,0,0,0,0,0,0,0,0,,0,0
bjs.gov,bjs.gov,bjs.gov,200,0,0,0,0,0,0,0,0,0,,-790,0
foia.gov,foia.gov,foia.gov,200,40,1,0,20,0,5,20,5,0,,0,91
fbi.gov,fbi.gov,fbi.gov,200,0,0,0,0,0,0,0,0,0,,0,0
listo.gov,listo.gov,listo.gov,-1,0,0,0,0,0,0,0,0,0,,0,0
bja.gov,bja.gov,bja.gov,200,50,2,0,0,0,0,0,0,0,,0,52
fara.gov,fara.gov,fara.gov,200,20,1,0,0,0,5,0,5,0,,-10,21
elderjustice.gov,elderjustice.gov,elderjustice.gov,200,20,1,0,0,0,5,0,5,0,,-30,1
campusdrugprevention.gov,campusdrugprevention.gov,campusdrugprevention.gov,200,0,0,0,0,0,0,0,0,0,,0,0
firstfreedom.gov,firstfreedom.gov,firstfreedom.gov,200,20,1,0,0,0,5,0,5,0,,-20,11
ncirc.gov,ncirc.gov,ncirc.gov,200,0,0,0,0,0,0,0,0,0,,0,0
hig.gov,hig.gov,hig.gov,200,0,0,0,0,0,0,0,0,0,,0,0
cybercrime.gov,cybercrime.gov,cybercrime.gov,200,20,1,0,0,0,5,0,5,0,,0,31
nicsezcheckfbi.gov,nicsezcheckfbi.gov,nicsezcheckfbi.gov,400,0,0,0,0,0,0,0,0,0,,0,0
malwareinvestigator.gov,malwareinvestigator.gov,malwareinvestigator.gov,200,0,0,0,0,0,0,0,0,0,,0,0
juvenilecouncil.gov,juvenilecouncil.gov,juvenilecouncil.gov,200,0,0,0,0,0,0,0,0,0,,-60,0
justice.gov,justice.gov,justice.gov,200,20,1,0,0,0,5,0,5,0,,0,31
interpol.gov,interpol.gov,interpol.gov,200,20,1,0,0,0,5,0,5,0,,0,31
nhl.gov,nhl.gov,nhl.gov,200,0,0,0,0,0,0,0,0,0,,0,0
learndoj.gov,learndoj.gov,learndoj.gov,200,20,1,0,0,0,5,0,5,0,,0,31
getsmartaboutdrugs.gov,getsmartaboutdrugs.gov,getsmartaboutdrugs.gov,200,0,0,0,0,0,0,0,0,0,,0,0
medalofvalor.gov,medalofvalor.gov,medalofvalor.gov,200,0,0,0,0,0,0,0,0,0,,0,0
fema.gov,fema.gov,fema.gov,200,0,0,0,0,0,0,0,0,0,,0,0
readybusiness.gov,readybusiness.gov,readybusiness.gov,200,50,8,4,0,0,0,20,0,0,,0,82
atf.gov,atf.gov,atf.gov,200,0,0,0,0,0,0,0,0,0,,0,0
crimesolutions.gov,crimesolutions.gov,crimesolutions.gov,200,0,0,0,0,0,0,0,0,0,,-10,0
ncjrs.gov,ncjrs.gov,ncjrs.gov,200,0,0,0,0,0,0,0,0,0,,0,0
brainhealth.gov,brainhealth.gov,brainhealth.gov,200,0,0,0,0,0,0,0,0,0,,0,0
ucrdatatool.gov,ucrdatatool.gov,ucrdatatool.gov,200,0,0,0,0,0,0,0,0,0,,-120,0
fbijobs.gov,fbijobs.gov,fbijobs.gov,200,0,0,0,0,0,0,0,0,0,,0,0
dsac.gov,dsac.gov,dsac.gov,200,0,0,0,0,0,0,0,0,0,,0,0
bats.gov,bats.gov,bats.gov,-1,0,0,0,0,0,0,0,0,0,,0,0
iprcenter.gov,iprcenter.gov,iprcenter.gov,200,0,0,0,0,0,0,0,0,0,,0,0
apprenticeships.gov,apprenticeships.gov,apprenticeships.gov,403,0,0,0,0,0,0,0,0,0,,0,0
apprenticeship.gov,apprenticeship.gov,apprenticeship.gov,403,0,0,0,0,0,0,0,0,0,,0,0
dol-esa.gov,dol-esa.gov,dol-esa.gov,-1,0,0,0,0,0,0,0,0,0,,0,0
ovc.gov,ovc.gov,ovc.gov,200,0,0,0,0,0,0,0,0,0,,-20,0
benefits.gov,benefits.gov,benefits.gov,403,0,0,0,0,0,0,0,0,0,,0,0
nvtc.gov,nvtc.gov,nvtc.gov,200,0,0,0,0,0,0,0,0,0,,0,0
cjis.gov,cjis.gov,cjis.gov,-1,0,0,0,0,0,0,0,0,0,,0,0
projectsafeneighborhoods.gov,projectsafeneighborhoods.gov,projectsafeneighborhoods.gov,200,20,1,0,0,0,5,0,5,0,,0,31
nij.gov,nij.gov,nij.gov,200,55,2,0,0,0,0,0,0,0,,0,57
smart.gov,smart.gov,smart.gov,200,0,0,0,0,0,0,0,0,0,,0,0
nicic.gov,nicic.gov,nicic.gov,200,0,0,0,0,0,5,0,5,0,,-10,0
dol.gov,dol.gov,dol.gov,403,0,0,0,0,0,0,0,0,0,,0,0
servicemembers.gov,servicemembers.gov,servicemembers.gov,200,20,1,0,0,0,5,0,5,0,,0,31
ojjdp.gov,ojjdp.gov,ojjdp.gov,200,55,2,0,0,0,0,0,0,0,,0,57
ojp.gov,ojp.gov,ojp.gov,200,50,2,0,0,0,5,20,5,0,,0,82
projectsafechildhood.gov,projectsafechildhood.gov,projectsafechildhood.gov,200,20,1,0,0,0,5,0,5,0,,0,31
stopfraud.gov,stopfraud.gov,stopfraud.gov,200,20,1,0,0,0,5,0,5,0,,0,31
govloans.gov,govloans.gov,govloans.gov,403,0,0,0,0,0,0,0,0,0,,0,0
hirevets.gov,hirevets.gov,hirevets.gov,403,0,0,0,0,0,0,0,0,0,,0,0
pnnl.gov,pnnl.gov,pnnl.gov,200,0,0,0,0,0,0,0,5,0,,0,5
osha.gov,osha.gov,osha.gov,403,0,0,0,0,0,0,0,0,0,,0,0
trainingproviderresults.gov,trainingproviderresults.gov,trainingproviderresults.gov,-1,0,0,0,0,0,0,0,0,0,,0,0
tribaljusticeandsafety.gov,tribaljusticeandsafety.gov,tribaljusticeandsafety.gov,200,20,1,0,0,0,5,0,5,0,,0,31
devtestfan1.gov,devtestfan1.gov,devtestfan1.gov,-1,0,0,0,0,0,0,0,0,0,,0,0
usdoj.gov,usdoj.gov,usdoj.gov,200,20,1,0,0,0,5,0,5,0,,0,31
usmarshals.gov,usmarshals.gov,usmarshals.gov,200,0,0,0,0,0,0,0,0,0,,-50,0
ginniemae.gov,ginniemae.gov,ginniemae.gov,200,0,0,0,0,0,0,0,0,0,,-180,0
whistleblowers.gov,whistleblowers.gov,whistleblowers.gov,403,0,0,0,0,0,0,0,0,0,,0,0
fsgb.gov,fsgb.gov,fsgb.gov,-1,0,0,0,0,0,0,0,0,0,,0,0
userra.gov,userra.gov,userra.gov,200,20,1,0,0,0,5,0,5,0,,0,31
securitytestfan.gov,securitytestfan.gov,securitytestfan.gov,-1,0,0,0,0,0,0,0,0,0,,0,0
preprodfan.gov,preprodfan.gov,preprodfan.gov,-1,0,0,0,0,0,0,0,0,0,,0,0
rcfl.gov,rcfl.gov,rcfl.gov,200,0,0,0,0,0,0,0,0,0,,0,0
ncifcrf.gov,ncifcrf.gov,ncifcrf.gov,200,0,0,0,0,0,0,0,0,0,,0,0
scra.gov,scra.gov,scra.gov,200,20,1,0,0,0,5,0,5,0,,0,31
supportfan.gov,supportfan.gov,supportfan.gov,-1,0,0,0,0,0,0,0,0,0,,0,0
justthinktwice.gov,justthinktwice.gov,justthinktwice.gov,200,0,0,0,0,0,0,0,0,0,,0,0
usdoscloud.gov,usdoscloud.gov,usdoscloud.gov,-1,0,0,0,0,0,0,0,0,0,,0,0
ibwc.gov,ibwc.gov,ibwc.gov,200,0,0,0,0,0,0,0,0,0,,-10,0
stateoig.gov,stateoig.gov,stateoig.gov,-1,0,0,0,0,0,0,0,0,0,,0,0
nsopr.gov,nsopr.gov,nsopr.gov,200,0,0,0,0,0,0,0,0,0,,0,0
vcf.gov,vcf.gov,vcf.gov,200,45,0,0,0,0,5,20,5,0,,0,75
unicor.gov,unicor.gov,unicor.gov,200,0,0,0,0,0,0,0,0,0,,-180,0
america.gov,america.gov,america.gov,403,0,0,0,0,0,0,0,0,0,,0,0
nsopw.gov,nsopw.gov,nsopw.gov,200,0,0,0,0,0,0,0,0,0,,0,0
achp.gov,achp.gov,achp.gov,200,5,0,0,0,0,0,0,0,0,,0,5
preserveamerica.gov,preserveamerica.gov,preserveamerica.gov,200,5,0,0,0,0,0,0,0,0,,0,5
vehiclehistory.gov,vehiclehistory.gov,vehiclehistory.gov,200,35,2,0,0,0,0,0,0,0,,0,37
boemre.gov,boemre.gov,boemre.gov,-1,0,0,0,0,0,0,0,0,0,,0,0
bor.gov,bor.gov,bor.gov,-1,0,0,0,0,0,0,0,0,0,,0,0
nmvtis.gov,nmvtis.gov,nmvtis.gov,200,35,2,0,0,0,0,0,0,0,,0,37
cupcao.gov,cupcao.gov,cupcao.gov,-1,0,0,0,0,0,0,0,0,0,,0,0
namus.gov,namus.gov,namus.gov,200,0,0,0,0,0,0,0,0,0,,0,0
dea.gov,dea.gov,dea.gov,200,0,0,0,0,0,5,0,5,0,,0,10
disability.gov,disability.gov,disability.gov,200,0,0,0,0,0,0,0,0,0,,0,0
coralreef.gov,coralreef.gov,coralreef.gov,200,0,0,0,0,0,0,0,0,0,,0,0
anstaskforce.gov,anstaskforce.gov,anstaskforce.gov,200,0,0,0,0,0,0,0,0,0,,-90,0
earthquake.gov,earthquake.gov,earthquake.gov,-1,0,0,0,0,0,0,0,0,0,,0,0
bls.gov,bls.gov,bls.gov,200,5,0,0,20,0,0,0,0,0,,0,25
fcg.gov,fcg.gov,fcg.gov,-1,0,0,0,0,0,0,0,0,0,,0,0
firenet.gov,firenet.gov,firenet.gov,-1,0,0,0,0,0,0,0,0,0,,0,0
acwi.gov,acwi.gov,acwi.gov,200,0,0,0,0,0,0,0,0,0,,-30,0
fireleadership.gov,fireleadership.gov,fireleadership.gov,200,0,0,0,0,0,0,0,0,0,,-20,0
ovcttac.gov,ovcttac.gov,ovcttac.gov,200,0,0,0,0,0,0,0,0,0,,-20,0
msha.gov,msha.gov,msha.gov,200,0,0,0,0,0,0,0,0,0,,0,0
everykidoutdoors.gov,everykidoutdoors.gov,everykidoutdoors.gov,200,0,0,0,0,0,0,0,0,0,,0,0
youthrules.gov,youthrules.gov,youthrules.gov,200,0,0,0,0,0,0,0,0,0,,0,0
foreignassistance.gov,foreignassistance.gov,foreignassistance.gov,200,0,0,0,0,0,0,0,0,0,,-20,0
nationalgangcenter.gov,nationalgangcenter.gov,nationalgangcenter.gov,200,0,0,0,0,0,0,0,0,0,,0,0
iat.gov,iat.gov,iat.gov,-1,0,0,0,0,0,0,0,0,0,,0,0
psob.gov,psob.gov,psob.gov,200,0,0,0,0,0,0,0,0,0,,0,0
employer.gov,employer.gov,employer.gov,200,25,3,0,0,0,5,20,5,0,,0,58
wrp.gov,wrp.gov,wrp.gov,200,0,0,0,0,0,0,0,0,0,,-20,0
worker.gov,worker.gov,worker.gov,200,25,3,0,0,0,5,20,5,0,,0,58
fws.gov,fws.gov,fws.gov,200,0,0,0,0,0,0,0,0,0,,-10,0
interior.gov,interior.gov,interior.gov,-1,0,0,0,0,0,0,0,0,0,,0,0
bsee.gov,bsee.gov,bsee.gov,200,0,0,0,0,0,0,0,0,0,,0,0
gcmrc.gov,gcmrc.gov,gcmrc.gov,403,0,0,0,0,0,0,0,0,0,,0,0
lcrmscp.gov,lcrmscp.gov,lcrmscp.gov,-1,0,0,0,0,0,0,0,0,0,,0,0
mitigationcommission.gov,mitigationcommission.gov,mitigationcommission.gov,-1,0,0,0,0,0,0,0,0,0,,0,0
mms.gov,mms.gov,mms.gov,-1,0,0,0,0,0,0,0,0,0,,0,0
unionreports.gov,unionreports.gov,unionreports.gov,200,0,0,0,0,0,0,0,0,0,,0,0
alaskacenters.gov,alaskacenters.gov,alaskacenters.gov,200,0,0,0,0,0,5,0,0,0,,0,5
iawg.gov,iawg.gov,iawg.gov,200,25,0,0,0,0,5,20,5,0,,0,55
nativeonestop.gov,nativeonestop.gov,nativeonestop.gov,-1,0,0,0,0,0,0,0,0,0,,0,0
nbc.gov,nbc.gov,nbc.gov,-1,0,0,0,0,0,0,0,0,0,,0,0
lca.gov,lca.gov,lca.gov,-1,0,0,0,0,0,0,0,0,0,,0,0
everykidinapark.gov,everykidinapark.gov,everykidinapark.gov,200,0,0,0,0,0,0,0,0,0,,0,0
nfpors.gov,nfpors.gov,nfpors.gov,404,0,0,0,0,0,0,0,0,0,,0,0
cwc.gov,cwc.gov,cwc.gov,-1,0,0,0,0,0,0,0,0,0,,0,0
fan.gov,fan.gov,fan.gov,-1,0,0,0,0,0,0,0,0,0,,0,0
onhir.gov,onhir.gov,onhir.gov,403,0,0,0,0,0,0,0,0,0,,0,0
osm.gov,osm.gov,osm.gov,-1,0,0,0,0,0,0,0,0,0,,0,0
lmvsci.gov,lmvsci.gov,lmvsci.gov,404,0,0,0,0,0,0,0,0,0,,0,0
blm.gov,blm.gov,blm.gov,200,0,0,0,0,0,0,0,0,0,,0,0
geomac.gov,geomac.gov,geomac.gov,200,0,0,0,0,0,0,0,0,0,,0,0
evergladesrestoration.gov,evergladesrestoration.gov,evergladesrestoration.gov,200,0,0,0,0,0,0,0,0,0,,0,0
bia.gov,bia.gov,bia.gov,200,0,0,0,0,0,0,0,0,0,,0,0
usbr.gov,usbr.gov,usbr.gov,-1,0,0,0,0,0,0,0,0,0,,0,0
epic.gov,epic.gov,epic.gov,200,0,0,0,0,0,0,0,0,0,,0,0
landimaging.gov,landimaging.gov,landimaging.gov,200,0,0,0,0,0,0,0,0,0,,-110,0
safecom.gov,safecom.gov,safecom.gov,200,0,0,0,0,0,0,0,0,0,,0,0
usembassy.gov,usembassy.gov,usembassy.gov,200,0,0,0,0,0,0,0,0,0,,0,0
landfire.gov,landfire.gov,landfire.gov,200,0,0,0,0,0,0,0,0,0,,-10,0
usconsulate.gov,usconsulate.gov,usconsulate.gov,200,0,0,0,0,0,0,0,0,0,,0,0
doioig.gov,doioig.gov,doioig.gov,200,0,0,0,0,0,0,0,0,0,,0,0
wildlifeadaptationstrategy.gov,wildlifeadaptationstrategy.gov,wildlifeadaptationstrategy.gov,-1,0,0,0,0,0,0,0,0,0,,0,0
state.gov,state.gov,state.gov,200,0,0,0,0,0,0,0,0,0,,0,0
usmission.gov,usmission.gov,usmission.gov,200,0,0,0,0,0,0,0,0,0,,0,0
nifc.gov,nifc.gov,nifc.gov,200,0,0,0,0,0,0,0,0,0,,0,0
pepfar.gov,pepfar.gov,pepfar.gov,200,0,0,0,0,0,0,0,0,0,,0,0
doi.gov,doi.gov,doi.gov,200,0,0,0,0,0,0,0,0,0,,0,0
sciencebase.gov,sciencebase.gov,sciencebase.gov,200,0,0,0,0,0,0,0,0,0,,0,0
volcano.gov,volcano.gov,volcano.gov,200,0,0,0,0,0,0,0,0,0,,0,0
firecode.gov,firecode.gov,firecode.gov,-1,0,0,0,0,0,0,0,0,0,,0,0
firescience.gov,firescience.gov,firescience.gov,-1,0,0,0,0,0,0,0,0,0,,0,0
onrr.gov,onrr.gov,onrr.gov,200,0,0,0,0,0,0,0,0,0,,0,0
asap.gov,asap.gov,asap.gov,200,0,0,0,0,0,0,0,0,0,,0,0
boem.gov,boem.gov,boem.gov,200,0,0,0,0,0,0,0,0,0,,0,0
bfem.gov,bfem.gov,bfem.gov,-1,0,0,0,0,0,0,0,0,0,,0,0
rivers.gov,rivers.gov,rivers.gov,200,0,0,0,0,0,0,0,0,0,,0,0
sierrawild.gov,sierrawild.gov,sierrawild.gov,200,0,0,0,0,0,0,0,0,0,,0,0
watermonitor.gov,watermonitor.gov,watermonitor.gov,200,0,0,0,0,0,0,0,0,0,,-30,0
veterans.gov,veterans.gov,veterans.gov,200,0,0,0,0,0,0,0,0,0,,0,0
ayudaconmibanco.gov,ayudaconmibanco.gov,ayudaconmibanco.gov,200,0,0,0,0,0,0,0,0,0,,-10,0
lacoast.gov,lacoast.gov,lacoast.gov,200,0,0,0,0,0,0,0,0,0,,0,0
bankcustomer.gov,bankcustomer.gov,bankcustomer.gov,200,0,0,0,0,0,0,0,0,0,,-10,0
bankcustomerassistance.gov,bankcustomerassistance.gov,bankcustomerassistance.gov,200,0,0,0,0,0,0,0,0,0,,-10,0
banknet.gov,banknet.gov,banknet.gov,200,0,0,0,0,0,0,0,0,0,,0,0
nationalmap.gov,nationalmap.gov,nationalmap.gov,200,0,0,0,0,0,5,0,0,0,,0,5
bankanswers.gov,bankanswers.gov,bankanswers.gov,200,0,0,0,0,0,0,0,0,0,,-10,0
bankhelp.gov,bankhelp.gov,bankhelp.gov,200,0,0,0,0,0,0,0,0,0,,-10,0
federalspending.gov,federalspending.gov,federalspending.gov,-1,0,0,0,0,0,0,0,0,0,,0,0
jem.gov,jem.gov,jem.gov,200,0,0,0,0,0,0,0,0,0,,0,0
complaintreferralexpress.gov,complaintreferralexpress.gov,complaintreferralexpress.gov,200,0,0,0,0,0,0,0,0,0,,-50,0
ccac.gov,ccac.gov,ccac.gov,200,0,0,0,0,0,0,0,0,0,,0,0
bondpro.gov,bondpro.gov,bondpro.gov,200,0,0,0,0,0,0,0,0,0,,0,0
eyenote.gov,eyenote.gov,eyenote.gov,200,0,0,0,0,0,0,0,0,0,,0,0
invasivespecies.gov,invasivespecies.gov,invasivespecies.gov,200,0,0,0,0,0,0,0,0,0,,0,0
usgs.gov,usgs.gov,usgs.gov,200,0,0,0,0,0,5,0,0,0,,0,5
indianaffairs.gov,indianaffairs.gov,indianaffairs.gov,200,0,0,0,0,0,0,0,0,0,,0,0
wlci.gov,wlci.gov,wlci.gov,200,0,0,0,0,0,0,0,0,0,,-20,0
eftps.gov,eftps.gov,eftps.gov,200,0,0,0,0,0,0,0,0,0,,-30,0
comptrollerofthecurrency.gov,comptrollerofthecurrency.gov,comptrollerofthecurrency.gov,200,5,0,0,0,0,5,0,0,0,,0,10
eaglecash.gov,eaglecash.gov,eaglecash.gov,200,0,0,0,0,0,0,0,0,0,,0,0
nps.gov,nps.gov,nps.gov,200,0,0,0,0,0,0,0,0,0,,0,0
ipp.gov,ipp.gov,ipp.gov,200,0,0,0,0,0,0,0,0,0,,0,0
helpwithmycheckingaccount.gov,helpwithmycheckingaccount.gov,helpwithmycheckingaccount.gov,200,0,0,0,0,0,0,0,0,0,,-10,0
helpwithmybank.gov,helpwithmybank.gov,helpwithmybank.gov,200,0,0,0,0,0,0,0,0,0,,-10,0
helpwithmycreditcard.gov,helpwithmycreditcard.gov,helpwithmycreditcard.gov,200,0,0,0,0,0,0,0,0,0,,-10,0
irsnet.gov,irsnet.gov,irsnet.gov,-1,0,0,0,0,0,0,0,0,0,,0,0
helpwithmymortgagebank.gov,helpwithmymortgagebank.gov,helpwithmymortgagebank.gov,200,0,0,0,0,0,0,0,0,0,,-10,0
fedinvest.gov,fedinvest.gov,fedinvest.gov,200,0,0,0,0,0,0,0,0,0,,0,0
pnl.gov,pnl.gov,pnl.gov,200,0,0,0,0,0,0,0,5,0,,0,5
helpwithmycreditcardbank.gov,helpwithmycreditcardbank.gov,helpwithmycreditcardbank.gov,200,0,0,0,0,0,0,0,0,0,,-10,0
federalinvestments.gov,federalinvestments.gov,federalinvestments.gov,200,0,0,0,0,0,0,0,0,0,,0,0
helpwithmymortgage.gov,helpwithmymortgage.gov,helpwithmymortgage.gov,200,0,0,0,0,0,0,0,0,0,,-10,0
ethicsburg.gov,ethicsburg.gov,ethicsburg.gov,200,0,0,0,0,0,0,0,0,0,,0,0
volunteer.gov,volunteer.gov,volunteer.gov,-1,0,0,0,0,0,0,0,0,0,,0,0
directoasucuenta.gov,directoasucuenta.gov,directoasucuenta.gov,200,0,0,0,0,0,0,0,0,0,,0,0
usaseanconnect.gov,usaseanconnect.gov,usaseanconnect.gov,-1,0,0,0,0,0,0,0,0,0,,0,0
osmre.gov,osmre.gov,osmre.gov,200,0,0,0,0,0,0,0,0,0,,-10,0
bep.gov,bep.gov,bep.gov,200,0,0,0,0,0,0,0,0,0,,-320,0
irsauctions.gov,irsauctions.gov,irsauctions.gov,200,0,0,0,0,0,0,0,0,0,,-30,0
financialresearch.gov,financialresearch.gov,financialresearch.gov,200,0,0,0,0,0,0,0,0,0,,0,0
godirect.gov,godirect.gov,godirect.gov,200,0,0,0,0,0,0,0,0,0,,0,0
utahfireinfo.gov,utahfireinfo.gov,utahfireinfo.gov,200,0,0,0,0,0,0,0,0,0,,0,0
its.gov,its.gov,its.gov,200,0,0,0,0,0,0,0,0,0,,-90,0
occnet.gov,occnet.gov,occnet.gov,-1,0,0,0,0,0,0,0,0,0,,0,0
irssales.gov,irssales.gov,irssales.gov,200,0,0,0,0,0,0,0,0,0,,-30,0
nemi.gov,nemi.gov,nemi.gov,200,0,0,0,0,0,0,0,0,0,,0,0
pracomment.gov,pracomment.gov,pracomment.gov,-1,0,0,0,0,0,0,0,0,0,,0,0
nationalbank.gov,nationalbank.gov,nationalbank.gov,200,0,0,0,0,0,0,0,0,0,,0,0
piedrasblancas.gov,piedrasblancas.gov,piedrasblancas.gov,200,0,0,0,0,0,0,0,0,0,,0,0
nationalbanknet.gov,nationalbanknet.gov,nationalbanknet.gov,200,0,0,0,0,0,0,0,0,0,,0,0
qatesttwai.gov,qatesttwai.gov,qatesttwai.gov,-1,0,0,0,0,0,0,0,0,0,,0,0
eta-find.gov,eta-find.gov,eta-find.gov,200,0,0,0,0,0,0,0,0,0,,0,0
nationalbankhelp.gov,nationalbankhelp.gov,nationalbankhelp.gov,200,0,0,0,0,0,0,0,0,0,,-10,0
myra.gov,myra.gov,myra.gov,200,0,0,0,0,0,5,0,0,0,,0,5
pay.gov,pay.gov,pay.gov,200,0,0,0,0,0,0,0,0,0,,0,0
tigtanet.gov,tigtanet.gov,tigtanet.gov,-1,0,0,0,0,0,0,0,0,0,,0,0
irsvideos.gov,irsvideos.gov,irsvideos.gov,200,0,0,0,0,0,0,0,0,0,,-30,0
transparency.gov,transparency.gov,transparency.gov,-1,0,0,0,0,0,0,0,0,0,,0,0
occhelps.gov,occhelps.gov,occhelps.gov,200,0,0,0,0,0,0,0,0,0,,-10,0
occ.gov,occ.gov,occ.gov,200,5,0,0,0,0,5,0,0,0,,0,10
ffb.gov,ffb.gov,ffb.gov,200,25,0,0,0,0,5,0,5,0,,0,35
ots.gov,ots.gov,ots.gov,200,5,0,0,0,0,5,0,0,0,,0,10
fgdc.gov,fgdc.gov,fgdc.gov,200,0,0,0,0,0,0,0,0,0,,0,0
treasuryauction.gov,treasuryauction.gov,treasuryauction.gov,-1,0,0,0,0,0,0,0,0,0,,0,0
osac.gov,osac.gov,osac.gov,200,0,0,0,0,0,0,0,5,0,,0,5
navycash.gov,navycash.gov,navycash.gov,200,0,0,0,0,0,0,0,0,0,,0,0
geoplatform.gov,geoplatform.gov,geoplatform.gov,200,0,0,0,0,0,0,0,0,0,,0,0
myira.gov,myira.gov,myira.gov,200,0,0,0,0,0,5,0,0,0,,0,5
treaslockbox.gov,treaslockbox.gov,treaslockbox.gov,200,0,0,0,0,0,0,0,0,0,,0,0
ttb.gov,ttb.gov,ttb.gov,-1,0,0,0,0,0,0,0,0,0,,0,0
ttlplus.gov,ttlplus.gov,ttlplus.gov,-1,0,0,0,0,0,0,0,0,0,,0,0
mrlc.gov,mrlc.gov,mrlc.gov,200,0,0,0,0,0,0,0,0,0,,0,0
tax.gov,tax.gov,tax.gov,200,0,0,0,0,0,0,0,0,0,,-30,0
savingsbond.gov,savingsbond.gov,savingsbond.gov,200,0,0,0,0,0,0,0,0,0,,0,0
patriotbonds.gov,patriotbonds.gov,patriotbonds.gov,200,0,0,0,0,0,0,0,0,0,,0,0
moneyfactory.gov,moneyfactory.gov,moneyfactory.gov,200,0,0,0,0,0,0,0,0,0,,-320,0
workplace.gov,workplace.gov,workplace.gov,-1,0,0,0,0,0,0,0,0,0,,0,0
savingsbonds.gov,savingsbonds.gov,savingsbonds.gov,200,0,0,0,0,0,0,0,0,0,,0,0
savingsbondwizard.gov,savingsbondwizard.gov,savingsbondwizard.gov,200,0,0,0,0,0,0,0,0,0,,0,0
labor.gov,labor.gov,labor.gov,-1,0,0,0,0,0,0,0,0,0,,0,0
bts.gov,bts.gov,bts.gov,-1,0,0,0,0,0,0,0,0,0,,0,0
irs.gov,irs.gov,irs.gov,200,0,0,0,0,0,5,0,0,0,,0,5
distraction.gov,distraction.gov,distraction.gov,-1,0,0,0,0,0,0,0,0,0,,0,0
slgs.gov,slgs.gov,slgs.gov,200,0,0,0,0,0,0,0,0,0,,0,0
dottrafficrecords.gov,dottrafficrecords.gov,dottrafficrecords.gov,-1,0,0,0,0,0,0,0,0,0,,0,0
taaps.gov,taaps.gov,taaps.gov,200,0,0,0,0,0,0,0,0,0,,0,0
tigta.gov,tigta.gov,tigta.gov,200,0,0,0,0,0,0,0,0,0,,-220,0
faa.gov,faa.gov,faa.gov,-1,0,0,0,0,0,0,0,0,0,,0,0
treasuryscams.gov,treasuryscams.gov,treasuryscams.gov,200,0,0,0,0,0,0,0,0,0,,0,0
usdebitcard.gov,usdebitcard.gov,usdebitcard.gov,200,0,0,0,0,0,0,0,0,0,,0,0
dot.gov,dot.gov,dot.gov,-1,0,0,0,0,0,0,0,0,0,,0,0
jccbi.gov,jccbi.gov,jccbi.gov,-1,0,0,0,0,0,0,0,0,0,,0,0
protectyourmove.gov,protectyourmove.gov,protectyourmove.gov,-1,0,0,0,0,0,0,0,0,0,,0,0
mymoney.gov,mymoney.gov,mymoney.gov,200,0,0,0,0,0,0,0,0,0,,-180,0
treasuryauctions.gov,treasuryauctions.gov,treasuryauctions.gov,200,0,0,0,0,0,0,0,0,0,,0,0
treasurydirect.gov,treasurydirect.gov,treasurydirect.gov,200,0,0,0,0,0,0,0,0,0,,0,0
cdfifund.gov,cdfifund.gov,cdfifund.gov,200,0,0,0,0,0,0,0,0,0,,0,0
jobcorps.gov,jobcorps.gov,jobcorps.gov,200,0,0,0,0,0,5,0,0,0,,0,5
treasuryhunt.gov,treasuryhunt.gov,treasuryhunt.gov,200,0,0,0,0,0,0,0,0,0,,0,0
fsoc.gov,fsoc.gov,fsoc.gov,200,0,0,0,0,0,0,0,5,0,,0,5
ehr.gov,ehr.gov,ehr.gov,-1,0,0,0,0,0,0,0,0,0,,0,0
reportband.gov,reportband.gov,reportband.gov,200,0,0,0,0,0,0,0,0,0,,-270,0
ce-ncsc.gov,ce-ncsc.gov,ce-ncsc.gov,-1,0,0,0,0,0,0,0,0,0,,0,0
transportation.gov,transportation.gov,transportation.gov,-1,0,0,0,0,0,0,0,0,0,,0,0
wizard.gov,wizard.gov,wizard.gov,200,0,0,0,0,0,0,0,0,0,,0,0
911.gov,911.gov,911.gov,200,0,0,0,0,0,0,0,0,0,,0,0
dni.gov,dni.gov,dni.gov,200,0,0,0,0,0,0,0,0,0,,0,0
esc.gov,esc.gov,esc.gov,200,0,0,0,0,0,0,0,0,0,,0,0
iarpa-ideas.gov,iarpa-ideas.gov,iarpa-ideas.gov,200,0,0,0,0,0,0,0,0,0,,0,0
distracteddriving.gov,distracteddriving.gov,distracteddriving.gov,200,0,0,0,0,0,0,0,0,0,,-10,0
nhtsa.gov,nhtsa.gov,nhtsa.gov,200,0,0,0,0,0,0,0,0,0,,0,0
famep.gov,famep.gov,famep.gov,-1,0,0,0,0,0,0,0,0,0,,0,0
treas.gov,treas.gov,treas.gov,200,0,0,0,0,0,0,0,0,0,,0,0
intelink.gov,intelink.gov,intelink.gov,-1,0,0,0,0,0,0,0,0,0,,0,0
osis.gov,osis.gov,osis.gov,-1,0,0,0,0,0,0,0,0,0,,0,0
icjointduty.gov,icjointduty.gov,icjointduty.gov,200,0,0,0,0,0,0,0,0,0,,0,0
dotideahub.gov,dotideahub.gov,dotideahub.gov,200,0,0,0,0,0,0,0,0,0,,-10,0
treasury.gov,treasury.gov,treasury.gov,200,0,0,0,0,0,0,0,0,0,,0,0
ugov.gov,ugov.gov,ugov.gov,-1,0,0,0,0,0,0,0,0,0,,0,0
ncsc.gov,ncsc.gov,ncsc.gov,200,0,0,0,0,0,0,0,0,0,,-10,0
ise.gov,ise.gov,ise.gov,200,0,0,0,0,0,0,0,0,0,,-10,0
odni.gov,odni.gov,odni.gov,200,0,0,0,0,0,0,0,0,0,,0,0
usaspending.gov,usaspending.gov,usaspending.gov,200,0,0,0,0,0,5,0,5,0,,0,10
tcis.gov,tcis.gov,tcis.gov,-1,0,0,0,0,0,0,0,0,0,,0,0
cbi-epa.gov,cbi-epa.gov,cbi-epa.gov,-1,0,0,0,0,0,0,0,0,0,,0,0
safertruck.gov,safertruck.gov,safertruck.gov,200,0,0,0,0,0,0,0,0,0,,0,0
sigtarp.gov,sigtarp.gov,sigtarp.gov,200,40,3,4,20,0,5,20,5,0,,-140,0
gcdamp.gov,gcdamp.gov,gcdamp.gov,-1,0,0,0,0,0,0,0,0,0,,0,0
eisenhowermemorial.gov,eisenhowermemorial.gov,eisenhowermemorial.gov,200,0,0,0,0,0,0,0,0,0,,0,0
va.gov,va.gov,va.gov,200,35,0,0,0,0,0,0,0,0,,0,35
safercar.gov,safercar.gov,safercar.gov,200,0,0,0,0,0,0,0,0,0,,-10,0
treasury.fed.us,treasury.fed.us,treasury.fed.us,-1,0,0,0,0,0,0,0,0,0,,0,0
ustreas.gov,ustreas.gov,ustreas.gov,200,0,0,0,0,0,0,0,0,0,,0,0
vets.gov,vets.gov,vets.gov,200,35,0,0,0,0,0,0,0,0,,0,35
greengov.gov,greengov.gov,greengov.gov,-1,0,0,0,0,0,0,0,0,0,,0,0
trafficsafetymarketing.gov,trafficsafetymarketing.gov,trafficsafetymarketing.gov,200,0,0,0,0,0,0,0,0,0,,0,0
treasuryecm.gov,treasuryecm.gov,treasuryecm.gov,-1,0,0,0,0,0,0,0,0,0,,0,0
ttbonline.gov,ttbonline.gov,ttbonline.gov,-1,0,0,0,0,0,0,0,0,0,,0,0
eac.gov,eac.gov,eac.gov,200,0,0,0,0,0,0,0,0,0,,0,0
twai.gov,twai.gov,twai.gov,-1,0,0,0,0,0,0,0,0,0,,0,0
qart.gov,qart.gov,qart.gov,200,0,0,0,0,0,0,0,0,0,,0,0
frtr.gov,frtr.gov,frtr.gov,200,0,0,0,0,0,0,0,0,0,,-10,0
epa.gov,epa.gov,epa.gov,200,0,0,0,0,0,0,0,0,0,,0,0
e-enterprise.gov,e-enterprise.gov,e-enterprise.gov,200,0,0,0,0,0,0,0,0,0,,0,0
iarpa.gov,iarpa.gov,iarpa.gov,200,0,0,0,0,0,0,0,0,0,,0,0
g72020.gov,g72020.gov,g72020.gov,400,0,0,0,0,0,0,0,0,0,,0,0
coronavirustesting.gov,coronavirustesting.gov,coronavirustesting.gov,200,0,0,0,0,0,0,0,0,0,,0,0
g7campdavid.gov,g7campdavid.gov,g7campdavid.gov,400,0,0,0,0,0,0,0,0,0,,0,0
relocatefeds.gov,relocatefeds.gov,relocatefeds.gov,200,0,0,0,0,0,0,0,0,0,,0,0
g7usa.gov,g7usa.gov,g7usa.gov,400,0,0,0,0,0,0,0,0,0,,0,0
urbanwaters.gov,urbanwaters.gov,urbanwaters.gov,200,0,0,0,0,0,0,0,0,0,,0,0
coronavirus.gov,coronavirus.gov,coronavirus.gov,200,0,0,0,0,0,0,0,0,0,,0,0
budget.gov,budget.gov,budget.gov,200,0,0,0,0,0,5,0,5,0,,-10,0
earmarks.gov,earmarks.gov,earmarks.gov,404,0,0,0,0,0,0,0,0,0,,0,0
votebymail.gov,votebymail.gov,votebymail.gov,200,0,0,0,0,0,0,0,0,0,,0,0
pci.gov,pci.gov,pci.gov,-1,0,0,0,0,0,0,0,0,0,,0,0
pitc.gov,pitc.gov,pitc.gov,-1,0,0,0,0,0,0,0,0,0,,0,0
eeoc.gov,eeoc.gov,eeoc.gov,200,80,21,0,0,0,5,20,5,0,,0,131
bebest.gov,bebest.gov,bebest.gov,200,0,0,0,0,0,5,0,5,0,,0,10
msb.gov,msb.gov,msb.gov,200,0,0,0,0,0,0,0,0,0,,-30,0
faasafety.gov,faasafety.gov,faasafety.gov,200,0,0,0,0,0,0,0,0,0,,0,0
intel.gov,intel.gov,intel.gov,200,0,0,0,0,0,0,0,0,0,,0,0
eop.gov,eop.gov,eop.gov,200,0,0,0,0,0,5,0,5,0,,0,10
sharetheroadsafely.gov,sharetheroadsafely.gov,sharetheroadsafely.gov,-1,0,0,0,0,0,0,0,0,0,,0,0
fedcenter.gov,fedcenter.gov,fedcenter.gov,200,0,0,0,0,0,0,0,0,0,,-370,0
ai.gov,ai.gov,ai.gov,200,0,0,0,0,0,5,0,5,0,,0,10
greatagain.gov,greatagain.gov,greatagain.gov,200,0,0,0,0,0,5,0,5,0,,0,10
ems.gov,ems.gov,ems.gov,200,0,0,0,0,0,0,0,0,0,,0,0
omb.gov,omb.gov,omb.gov,200,0,0,0,0,0,5,0,5,0,,-10,0
intelligence.gov,intelligence.gov,intelligence.gov,200,0,0,0,0,0,0,0,0,0,,0,0
lifeline.gov,lifeline.gov,lifeline.gov,200,0,0,0,0,0,0,0,0,0,,0,0
ondcp.gov,ondcp.gov,ondcp.gov,200,0,0,0,0,0,5,0,5,0,,0,10
ustr.gov,ustr.gov,ustr.gov,200,0,0,0,0,0,5,0,5,0,,0,10
usdigitalservice.gov,usdigitalservice.gov,usdigitalservice.gov,200,35,0,0,0,0,5,20,5,0,,0,65
fdicconnect.gov,fdicconnect.gov,fdicconnect.gov,-1,0,0,0,0,0,0,0,0,0,,0,0
llnl.gov,llnl.gov,llnl.gov,200,0,0,0,0,0,0,0,0,0,,0,0
ostp.gov,ostp.gov,ostp.gov,200,0,0,0,0,0,5,0,5,0,,0,10
fincen.gov,fincen.gov,fincen.gov,200,0,0,0,0,0,5,0,0,0,,-30,0
myfdic.gov,myfdic.gov,myfdic.gov,-1,0,0,0,0,0,0,0,0,0,,0,0
usds.gov,usds.gov,usds.gov,200,35,0,0,0,0,5,20,5,0,,0,65
ofia.gov,ofia.gov,ofia.gov,-1,0,0,0,0,0,0,0,0,0,,0,0
makinghomeaffordable.gov,makinghomeaffordable.gov,makinghomeaffordable.gov,200,0,0,0,0,0,0,0,0,0,,0,0
wh.gov,wh.gov,wh.gov,200,0,0,0,0,0,5,0,5,0,,0,10
safeocs.gov,safeocs.gov,safeocs.gov,200,0,0,0,0,0,0,0,0,0,,-20,0
harp.gov,harp.gov,harp.gov,-1,0,0,0,0,0,0,0,0,0,,0,0
mortgagetranslations.gov,mortgagetranslations.gov,mortgagetranslations.gov,-1,0,0,0,0,0,0,0,0,0,,0,0
crisisnextdoor.gov,crisisnextdoor.gov,crisisnextdoor.gov,200,0,0,0,0,0,5,0,0,0,,0,5
whitehouse.gov,whitehouse.gov,whitehouse.gov,200,0,0,0,0,0,5,0,5,0,,0,10
mha.gov,mha.gov,mha.gov,200,0,0,0,0,0,0,0,0,0,,0,0
ama.gov,ama.gov,ama.gov,200,0,0,0,0,0,0,0,0,0,,0,0
fmc.gov,fmc.gov,fmc.gov,404,0,0,0,0,0,0,0,0,0,,0,0
whitehousedrugpolicy.gov,whitehousedrugpolicy.gov,whitehousedrugpolicy.gov,200,0,0,0,0,0,5,0,5,0,,0,10
economicinclusion.gov,economicinclusion.gov,economicinclusion.gov,200,0,0,0,0,0,0,0,0,0,,0,0
ncix.gov,ncix.gov,ncix.gov,-1,0,0,0,0,0,0,0,0,0,,0,0
airnow.gov,airnow.gov,airnow.gov,200,0,0,0,0,0,0,0,0,0,,0,0
frb.fed.us,frb.fed.us,frb.fed.us,-1,0,0,0,0,0,0,0,0,0,,0,0
ferc.gov,ferc.gov,ferc.gov,200,0,0,0,0,0,0,0,0,0,,-50,0
wgdp.gov,wgdp.gov,wgdp.gov,200,0,0,0,0,0,5,0,5,0,,0,10
frs.gov,frs.gov,frs.gov,-1,0,0,0,0,0,0,0,0,0,,0,0
newmoney.gov,newmoney.gov,newmoney.gov,-1,0,0,0,0,0,0,0,0,0,,0,0
fdicseguro.gov,fdicseguro.gov,fdicseguro.gov,200,0,0,0,0,0,0,0,0,0,,0,0
adr.gov,adr.gov,adr.gov,200,0,0,0,0,0,0,0,0,0,,0,0
oea.gov,oea.gov,oea.gov,200,20,0,0,0,0,0,0,0,0,,0,20
frtibtest.gov,frtibtest.gov,frtibtest.gov,-1,0,0,0,0,0,0,0,0,0,,0,0
safecar.gov,safecar.gov,safecar.gov,200,0,0,0,0,0,0,0,0,0,,-10,0
tsptest.gov,tsptest.gov,tsptest.gov,-1,0,0,0,0,0,0,0,0,0,,0,0
fca.gov,fca.gov,fca.gov,200,55,2,0,20,0,5,20,5,0,v1.4.1,0,147
fhfa.gov,fhfa.gov,fhfa.gov,200,0,0,0,0,0,0,0,0,0,,-240,0
fbiic.gov,fbiic.gov,fbiic.gov,200,0,0,0,0,0,0,0,0,0,,0,0
sustainability.gov,sustainability.gov,sustainability.gov,200,0,0,0,0,0,0,0,0,0,,0,0
flra.gov,flra.gov,flra.gov,200,5,0,0,0,0,5,0,5,0,,0,15
consumersentinelnetwork.gov,consumersentinelnetwork.gov,consumersentinelnetwork.gov,-1,0,0,0,0,0,0,0,0,0,,0,0
glnpo.gov,glnpo.gov,glnpo.gov,-1,0,0,0,0,0,0,0,0,0,,0,0
fec.gov,fec.gov,fec.gov,200,25,0,0,0,0,0,0,0,0,,0,25
consumersentinel.gov,consumersentinel.gov,consumersentinel.gov,200,0,0,0,0,0,0,0,0,0,,0,0
frtib.gov,frtib.gov,frtib.gov,200,0,0,0,0,0,0,0,0,0,,0,0
exploretsp.gov,exploretsp.gov,exploretsp.gov,200,0,0,0,0,0,0,0,0,0,,-20,0
tsp.gov,tsp.gov,tsp.gov,200,0,0,0,0,0,0,0,0,0,,-20,0
nepa.gov,nepa.gov,nepa.gov,200,0,0,0,0,0,0,0,0,0,,0,0
fdic.gov,fdic.gov,fdic.gov,200,0,0,0,0,0,0,0,0,0,,0,0
financialstability.gov,financialstability.gov,financialstability.gov,200,0,0,0,0,0,0,0,0,0,,-110,0
fcsic.gov,fcsic.gov,fcsic.gov,200,0,2,0,20,0,5,20,5,0,v0.14.0,0,92
fedpartnership.gov,fedpartnership.gov,fedpartnership.gov,200,0,0,0,0,0,0,0,0,0,,-10,0
donotcall.gov,donotcall.gov,donotcall.gov,200,0,0,0,0,0,0,0,0,0,,0,0
paymentaccuracy.gov,paymentaccuracy.gov,paymentaccuracy.gov,200,0,0,0,0,0,0,0,0,0,,0,0
federalreserveconsumerhelp.gov,federalreserveconsumerhelp.gov,federalreserveconsumerhelp.gov,200,0,0,0,0,0,0,0,0,0,,0,0
uce.gov,uce.gov,uce.gov,-1,0,0,0,0,0,0,0,0,0,,0,0
ipac.gov,ipac.gov,ipac.gov,-1,0,0,0,0,0,0,0,0,0,,0,0
ftcefile.gov,ftcefile.gov,ftcefile.gov,200,0,0,0,0,0,0,0,0,0,,-30,0
ffiec.gov,ffiec.gov,ffiec.gov,200,0,0,0,0,0,0,0,0,0,,-40,0
fdicoig.gov,fdicoig.gov,fdicoig.gov,200,0,0,0,0,0,0,0,0,0,,0,0
consumidor.gov,consumidor.gov,consumidor.gov,200,0,0,0,0,0,0,0,0,0,,0,0
fdicig.gov,fdicig.gov,fdicig.gov,200,0,0,0,0,0,0,0,0,0,,0,0
consumer.gov,consumer.gov,consumer.gov,200,0,0,0,0,0,0,0,0,0,,0,0
federalreserve.gov,federalreserve.gov,federalreserve.gov,200,0,0,0,0,0,0,0,0,0,,0,0
uscurrency.gov,uscurrency.gov,uscurrency.gov,200,5,0,0,0,0,5,0,0,0,,0,10
identitytheft.gov,identitytheft.gov,identitytheft.gov,200,0,0,0,0,0,0,0,0,0,,0,0
challenges.gov,challenges.gov,challenges.gov,-1,0,0,0,0,0,0,0,0,0,,0,0
cfda.gov,cfda.gov,cfda.gov,-1,0,0,0,0,0,0,0,0,0,,0,0
cbca.gov,cbca.gov,cbca.gov,200,0,0,0,0,0,0,0,0,0,,-10,0
robodeidentidad.gov,robodeidentidad.gov,robodeidentidad.gov,200,0,0,0,0,0,0,0,0,0,,0,0
ftccomplaintassistant.gov,ftccomplaintassistant.gov,ftccomplaintassistant.gov,200,0,0,0,0,0,0,0,0,0,,-70,0
acquisition.gov,acquisition.gov,acquisition.gov,200,0,0,0,0,0,0,0,0,0,,0,0
buyaccessible.gov,buyaccessible.gov,buyaccessible.gov,200,0,0,0,0,0,0,0,0,0,,0,0
doleta.gov,doleta.gov,doleta.gov,200,45,2,7,20,0,5,20,5,0,,0,104
cao.gov,cao.gov,cao.gov,200,0,0,0,0,0,0,0,0,0,,0,0
militaryconsumer.gov,militaryconsumer.gov,militaryconsumer.gov,200,0,0,0,0,0,0,0,0,0,,0,0
alertaenlinea.gov,alertaenlinea.gov,alertaenlinea.gov,200,0,0,0,0,0,5,0,5,0,,0,10
dontserveteens.gov,dontserveteens.gov,dontserveteens.gov,200,0,0,0,0,0,5,0,5,0,,0,10
admongo.gov,admongo.gov,admongo.gov,200,0,0,0,0,0,0,0,0,0,,0,0
ftc.gov,ftc.gov,ftc.gov,200,0,0,0,0,0,0,0,0,0,,0,0
cerebrosano.gov,cerebrosano.gov,cerebrosano.gov,200,0,0,0,0,0,5,0,5,0,,0,10
accessibility.gov,accessibility.gov,accessibility.gov,200,0,0,0,0,0,0,0,0,0,,0,0
idtheft.gov,idtheft.gov,idtheft.gov,200,0,0,0,0,0,0,0,0,0,,0,0
fcc.gov,fcc.gov,fcc.gov,200,0,0,0,0,0,0,0,0,0,,0,0
computersforlearning.gov,computersforlearning.gov,computersforlearning.gov,503,0,0,0,0,0,0,0,0,0,,-20,0
hsr.gov,hsr.gov,hsr.gov,200,0,0,0,0,0,0,0,0,0,,0,0
challenge.gov,challenge.gov,challenge.gov,200,45,13,0,0,0,0,0,0,0,,0,58
connect.gov,connect.gov,connect.gov,200,20,2,0,20,0,0,0,0,0,,0,42
contractdirectory.gov,contractdirectory.gov,contractdirectory.gov,200,0,0,0,0,0,0,0,0,0,,-40,0
fmshrc.gov,fmshrc.gov,fmshrc.gov,200,0,0,0,0,0,0,0,0,0,,0,0
max.gov,max.gov,max.gov,200,0,0,0,0,0,0,0,0,0,,0,0
fercalt.gov,fercalt.gov,fercalt.gov,-1,0,0,0,0,0,0,0,0,0,,0,0
fed.us,fed.us,fed.us,-1,0,0,0,0,0,0,0,0,0,,0,0
digitaldashboard.gov,digitaldashboard.gov,digitaldashboard.gov,200,0,0,0,0,0,0,0,0,0,,0,0
onguardonline.gov,onguardonline.gov,onguardonline.gov,200,0,0,0,0,0,5,0,5,0,,0,10
citizenscience.gov,citizenscience.gov,citizenscience.gov,200,40,8,0,0,0,0,20,0,0,,0,68
code.gov,code.gov,code.gov,200,0,0,0,0,0,5,0,5,0,,0,10
frb.gov,frb.gov,frb.gov,-1,0,0,0,0,0,0,0,0,0,,0,0
facadatabase.gov,facadatabase.gov,facadatabase.gov,200,0,0,0,0,0,0,0,0,0,,0,0
recoverymonth.gov,recoverymonth.gov,recoverymonth.gov,200,0,0,0,0,0,0,0,0,0,,0,0
cio.gov,cio.gov,cio.gov,200,45,13,0,0,0,5,20,0,0,,0,83
protecciondelconsumidor.gov,protecciondelconsumidor.gov,protecciondelconsumidor.gov,200,0,0,0,0,0,5,0,5,0,,0,10
ecpic.gov,ecpic.gov,ecpic.gov,200,40,6,0,0,0,0,0,0,0,,0,46
cpars.gov,cpars.gov,cpars.gov,200,0,0,0,0,0,0,0,0,0,,0,0
sentinel.gov,sentinel.gov,sentinel.gov,200,0,0,0,0,0,0,0,0,0,,0,0
fpisc.gov,fpisc.gov,fpisc.gov,-1,0,0,0,0,0,0,0,0,0,,0,0
fpki-lab.gov,fpki-lab.gov,fpki-lab.gov,-1,0,0,0,0,0,0,0,0,0,,0,0
esrs.gov,esrs.gov,esrs.gov,200,0,0,0,0,0,0,0,0,0,,-10,0
fai.gov,fai.gov,fai.gov,200,0,0,0,0,0,0,0,0,0,,0,0
fpki.gov,fpki.gov,fpki.gov,-1,0,0,0,0,0,0,0,0,0,,0,0
dotgov.gov,dotgov.gov,dotgov.gov,200,35,6,0,20,20,0,20,0,0,,0,101
buyamerican.gov,buyamerican.gov,buyamerican.gov,200,20,7,0,0,0,0,20,0,0,,0,47
digital.gov,digital.gov,digital.gov,200,40,12,0,0,0,0,20,5,20,v2.7.0,0,137
gsatest1.gov,gsatest1.gov,gsatest1.gov,-1,0,0,0,0,0,0,0,0,0,,0,0
cloud.gov,cloud.gov,cloud.gov,200,45,1,0,0,0,5,20,5,0,,0,76
fpds.gov,fpds.gov,fpds.gov,200,0,0,0,0,0,0,0,0,0,,0,0
gsatest2.gov,gsatest2.gov,gsatest2.gov,-1,0,0,0,0,0,0,0,0,0,,0,0
foiaonline.gov,foiaonline.gov,foiaonline.gov,-1,0,0,0,0,0,0,0,0,0,,0,0
identitysandbox.gov,identitysandbox.gov,identitysandbox.gov,-1,0,0,0,0,0,0,0,0,0,,0,0
digitalgov.gov,digitalgov.gov,digitalgov.gov,200,40,12,0,0,0,0,20,5,20,v2.7.0,0,137
econsumer.gov,econsumer.gov,econsumer.gov,200,0,0,0,0,0,0,0,0,0,,0,0
fapiis.gov,fapiis.gov,fapiis.gov,200,0,0,0,0,0,0,0,0,0,,0,0
medicare.gov,medicare.gov,medicare.gov,200,0,0,0,0,0,0,20,0,0,,0,20
frpg.gov,frpg.gov,frpg.gov,200,0,0,0,0,0,0,0,0,0,,0,0
fedramp.gov,fedramp.gov,fedramp.gov,200,35,8,0,0,0,5,20,5,0,v1.1.0,0,93
18f.gov,18f.gov,18f.gov,200,30,3,0,0,0,5,20,5,0,,0,63
fbo.gov,fbo.gov,fbo.gov,200,20,7,0,0,0,0,20,0,0,,0,47
gsaauctions.gov,gsaauctions.gov,gsaauctions.gov,503,0,0,0,0,0,0,0,0,0,,-20,0
fsrs.gov,fsrs.gov,fsrs.gov,200,0,0,0,0,0,0,0,0,0,,-10,0
consumeraction.gov,consumeraction.gov,consumeraction.gov,200,45,1,0,20,20,0,20,0,0,,0,106
pki-lab.gov,pki-lab.gov,pki-lab.gov,-1,0,0,0,0,0,0,0,0,0,,0,0
gsaxcess.gov,gsaxcess.gov,gsaxcess.gov,503,0,0,0,0,0,0,0,0,0,,-20,0
pki.gov,pki.gov,pki.gov,-1,0,0,0,0,0,0,0,0,0,,0,0
abandonedmines.gov,abandonedmines.gov,abandonedmines.gov,200,0,0,0,0,0,0,0,0,0,,0,0
govsales.gov,govsales.gov,govsales.gov,503,0,0,0,0,0,0,0,0,0,,-20,0
ppirs.gov,ppirs.gov,ppirs.gov,-1,0,0,0,0,0,0,0,0,0,,0,0
fdms.gov,fdms.gov,fdms.gov,200,0,0,0,0,0,0,0,0,0,,0,0
businessusa.gov,businessusa.gov,businessusa.gov,200,45,1,0,20,20,0,20,0,0,,0,106
openinternet.gov,openinternet.gov,openinternet.gov,200,0,0,0,0,0,0,0,0,0,,-10,0
innovation.gov,innovation.gov,innovation.gov,200,0,0,0,0,0,0,0,0,0,,0,0
dtv.gov,dtv.gov,dtv.gov,200,0,0,0,0,0,0,0,0,0,,0,0
faca.gov,faca.gov,faca.gov,200,35,6,0,0,0,0,20,0,0,,0,61
broadband.gov,broadband.gov,broadband.gov,200,0,0,0,0,0,0,0,0,0,,0,0
sandbox.gov,sandbox.gov,sandbox.gov,-1,0,0,0,0,0,0,0,0,0,,0,0
pic.gov,pic.gov,pic.gov,200,0,0,0,0,0,0,0,0,0,,0,0
fedrooms.gov,fedrooms.gov,fedrooms.gov,200,35,6,0,0,0,0,20,0,0,,0,61
fmi.gov,fmi.gov,fmi.gov,200,0,0,0,0,0,0,0,0,0,,0,0
moneyfactorystore.gov,moneyfactorystore.gov,moneyfactorystore.gov,200,0,0,0,0,0,0,0,0,0,,0,0
rocis.gov,rocis.gov,rocis.gov,200,0,0,0,0,0,0,0,0,0,,0,0
login.gov,login.gov,login.gov,200,40,0,0,0,0,5,20,5,0,,0,70
realpropertyprofile.gov,realpropertyprofile.gov,realpropertyprofile.gov,200,0,0,0,0,0,0,0,0,0,,0,0
realestatesales.gov,realestatesales.gov,realestatesales.gov,503,0,0,0,0,0,0,0,0,0,,-20,0
afadvantage.gov,afadvantage.gov,afadvantage.gov,200,0,0,0,0,0,0,0,0,0,,0,0
ecfc.gov,ecfc.gov,ecfc.gov,-1,0,0,0,0,0,0,0,0,0,,0,0
erpo.gov,erpo.gov,erpo.gov,-1,0,0,0,0,0,0,0,0,0,,0,0
firstgov.gov,firstgov.gov,firstgov.gov,200,45,1,0,20,20,0,20,0,0,,0,106
reginfo.gov,reginfo.gov,reginfo.gov,200,0,0,0,0,0,0,0,0,0,,-430,0
plainlanguage.gov,plainlanguage.gov,plainlanguage.gov,200,40,4,0,20,0,5,20,5,0,,0,94
nrpo.gov,nrpo.gov,nrpo.gov,-1,0,0,0,0,0,0,0,0,0,,0,0
jpo.gov,jpo.gov,jpo.gov,-1,0,0,0,0,0,0,0,0,0,,0,0
gsaig.gov,gsaig.gov,gsaig.gov,200,0,0,0,0,0,0,0,0,0,,0,0
reporting.gov,reporting.gov,reporting.gov,200,25,12,0,20,0,0,20,0,0,,0,77
owc.gov,owc.gov,owc.gov,-1,0,0,0,0,0,0,0,0,0,,0,0
psd.gov,psd.gov,psd.gov,-1,0,0,0,0,0,0,0,0,0,,0,0
psup.gov,psup.gov,psup.gov,-1,0,0,0,0,0,0,0,0,0,,0,0
sbst.gov,sbst.gov,sbst.gov,200,0,1,0,0,0,5,0,5,0,,0,11
presidentialinnovationfellows.gov,presidentialinnovationfellows.gov,presidentialinnovationfellows.gov,200,50,2,0,0,0,5,20,5,0,,0,82
forms.gov,forms.gov,forms.gov,200,45,1,0,20,20,0,20,0,0,,0,106
pubservices.gov,pubservices.gov,pubservices.gov,-1,0,0,0,0,0,0,0,0,0,,0,0
section508.gov,section508.gov,section508.gov,200,0,0,0,0,0,0,0,0,0,,0,0
rpo.gov,rpo.gov,rpo.gov,-1,0,0,0,0,0,0,0,0,0,,0,0
fpc.gov,fpc.gov,fpc.gov,200,40,8,0,0,0,5,20,5,0,v1.1.0,0,98
kennedy-center.gov,kennedy-center.gov,kennedy-center.gov,-1,0,0,0,0,0,0,0,0,0,,0,0
fsd.gov,fsd.gov,fsd.gov,200,0,0,0,0,0,5,0,0,0,,-200,0
performance.gov,performance.gov,performance.gov,200,55,4,0,20,0,5,20,5,0,v1.1.0,0,149
pif.gov,pif.gov,pif.gov,200,50,2,0,0,0,5,20,5,0,,0,82
mcctest.gov,mcctest.gov,mcctest.gov,-1,0,0,0,0,0,0,0,0,0,,0,0
regulations.gov,regulations.gov,regulations.gov,200,0,0,0,0,0,0,0,0,0,,0,0
jusfc.gov,jusfc.gov,jusfc.gov,403,0,0,0,0,0,0,0,0,0,,-10,0
vote.gov,vote.gov,vote.gov,200,20,0,0,20,0,5,20,5,0,,0,70
data.gov,data.gov,data.gov,-1,0,0,0,0,0,0,0,0,0,,0,0
itdashboard.gov,itdashboard.gov,itdashboard.gov,200,0,0,0,20,0,5,0,0,0,,0,25
sftool.gov,sftool.gov,sftool.gov,200,0,0,0,0,0,0,0,0,0,,0,0
usgeo.gov,usgeo.gov,usgeo.gov,-1,0,0,0,0,0,0,0,0,0,,0,0
info.gov,info.gov,info.gov,200,45,1,0,20,20,0,20,0,0,,0,106
nic.gov,nic.gov,nic.gov,200,0,0,0,0,0,0,0,0,0,,-40,0
fraho.gov,fraho.gov,fraho.gov,200,0,0,0,0,0,0,0,0,0,,0,0
americathebeautifulquarters.gov,americathebeautifulquarters.gov,americathebeautifulquarters.gov,200,0,0,0,0,0,0,0,0,0,,0,0
restorethegulf.gov,restorethegulf.gov,restorethegulf.gov,200,0,0,0,0,0,0,0,0,0,,-10,0
mspb.gov,mspb.gov,mspb.gov,200,0,0,0,0,0,0,0,0,0,,0,0
fbf.gov,fbf.gov,fbf.gov,-1,0,0,0,0,0,0,0,0,0,,0,0
fedbizopps.gov,fedbizopps.gov,fedbizopps.gov,-1,0,0,0,0,0,0,0,0,0,,0,0
fedidcard.gov,fedidcard.gov,fedidcard.gov,-1,0,0,0,0,0,0,0,0,0,,0,0
idmanagement.gov,idmanagement.gov,idmanagement.gov,200,0,0,0,0,0,0,0,0,0,,0,0
fedinfo.gov,fedinfo.gov,fedinfo.gov,-1,0,0,0,0,0,0,0,0,0,,0,0
wdol.gov,wdol.gov,wdol.gov,200,20,7,0,0,0,0,20,0,0,,0,47
9-11commission.gov,9-11commission.gov,9-11commission.gov,200,0,0,0,0,0,0,0,0,0,,-70,0
nasa.gov,nasa.gov,nasa.gov,200,0,0,0,0,0,0,0,0,0,,0,0
energystar.gov,energystar.gov,energystar.gov,200,0,0,0,0,0,0,0,0,0,,0,0
gobiernousa.gov,gobiernousa.gov,gobiernousa.gov,200,45,1,0,20,20,0,20,0,0,,0,106
911commission.gov,911commission.gov,911commission.gov,200,0,0,0,0,0,0,0,0,0,,-70,0
usa.gov,usa.gov,usa.gov,200,45,1,0,20,0,5,0,5,0,,0,76
us.gov,us.gov,us.gov,200,45,1,0,20,20,0,20,0,0,,0,106
usagov.gov,usagov.gov,usagov.gov,200,45,1,0,20,20,0,20,0,0,,0,106
georgewbushlibrary.gov,georgewbushlibrary.gov,georgewbushlibrary.gov,-1,0,0,0,0,0,0,0,0,0,,0,0
fcic.gov,fcic.gov,fcic.gov,-1,0,0,0,0,0,0,0,0,0,,0,0
fordlibrarymuseum.gov,fordlibrarymuseum.gov,fordlibrarymuseum.gov,200,0,0,0,0,0,0,0,0,0,,-40,0
gsaadvantage.gov,gsaadvantage.gov,gsaadvantage.gov,200,0,0,0,0,0,0,0,0,0,,0,0
emergency-federal-register.gov,emergency-federal-register.gov,emergency-federal-register.gov,200,0,0,0,0,0,5,0,5,0,,0,10
ncpc.gov,ncpc.gov,ncpc.gov,-1,0,0,0,0,0,0,0,0,0,,0,0
frc.gov,frc.gov,frc.gov,200,0,0,0,0,0,5,0,5,0,,0,10
wartimecontracting.gov,wartimecontracting.gov,wartimecontracting.gov,-1,0,0,0,0,0,0,0,0,0,,0,0
archives.gov,archives.gov,archives.gov,200,0,0,0,0,0,5,0,5,0,,0,10
humanities.gov,humanities.gov,humanities.gov,-1,0,0,0,0,0,0,0,0,0,,0,0
obamawhitehouse.gov,obamawhitehouse.gov,obamawhitehouse.gov,200,0,0,0,0,0,0,0,0,0,,0,0
kids.gov,kids.gov,kids.gov,200,45,1,0,20,20,0,20,0,0,,0,106
nara.gov,nara.gov,nara.gov,200,0,0,0,0,0,5,0,5,0,,0,10
ourdocuments.gov,ourdocuments.gov,ourdocuments.gov,200,0,0,0,0,0,0,0,0,0,,0,0
militaryaviationsafety.gov,militaryaviationsafety.gov,militaryaviationsafety.gov,200,0,0,0,0,0,0,0,0,0,,0,0
scijinks.gov,scijinks.gov,scijinks.gov,200,0,0,0,0,0,0,0,0,0,,0,0
ussm.gov,ussm.gov,ussm.gov,200,45,7,0,20,0,5,20,5,0,v1.1.0,0,122
ptt.gov,ptt.gov,ptt.gov,-1,0,0,0,0,0,0,0,0,0,,0,0
recordsmanagement.gov,recordsmanagement.gov,recordsmanagement.gov,200,0,0,0,0,0,5,0,5,0,,0,10
jamesmadison.gov,jamesmadison.gov,jamesmadison.gov,200,0,0,0,0,0,0,0,0,0,,0,0
sam.gov,sam.gov,sam.gov,200,0,0,0,0,0,0,0,0,0,,-20,0
lps.gov,lps.gov,lps.gov,-1,0,0,0,0,0,0,0,0,0,,0,0
intelligencecareers.gov,intelligencecareers.gov,intelligencecareers.gov,-1,0,0,0,0,0,0,0,0,0,,0,0
nmb.gov,nmb.gov,nmb.gov,200,0,0,0,0,0,0,0,0,0,,0,0
ntsb.gov,ntsb.gov,ntsb.gov,200,0,0,0,0,0,0,0,0,0,,0,0
search.gov,search.gov,search.gov,200,0,0,0,0,0,5,20,5,0,v2.5.1,0,110
jimmycarterlibrary.gov,jimmycarterlibrary.gov,jimmycarterlibrary.gov,200,0,0,0,0,0,0,0,5,0,,0,5
truman.gov,truman.gov,truman.gov,200,0,0,0,0,0,0,0,0,0,,0,0
itrd.gov,itrd.gov,itrd.gov,-1,0,0,0,0,0,0,0,0,0,,0,0
promesa.gov,promesa.gov,promesa.gov,-1,0,0,0,0,0,0,0,0,0,,0,0
nscai.gov,nscai.gov,nscai.gov,404,0,0,0,0,0,0,0,0,0,,0,0
sac.gov,sac.gov,sac.gov,200,0,0,0,0,0,0,0,0,0,,0,0
integrity.gov,integrity.gov,integrity.gov,403,0,0,0,0,0,0,0,0,0,,0,0
nano.gov,nano.gov,nano.gov,200,0,0,0,0,0,0,0,0,0,,0,0
reaganlibrary.gov,reaganlibrary.gov,reaganlibrary.gov,200,0,0,0,0,0,5,0,0,0,,0,5
nnss.gov,nnss.gov,nnss.gov,200,0,0,0,0,0,0,0,0,0,,-10,0
e-qip.gov,e-qip.gov,e-qip.gov,-1,0,0,0,0,0,0,0,0,0,,0,0
udall.gov,udall.gov,udall.gov,200,0,0,0,0,0,0,0,0,0,,0,0
nsf.gov,nsf.gov,nsf.gov,200,0,0,0,0,0,0,0,0,0,,0,0
gsa.gov,gsa.gov,gsa.gov,200,30,6,0,0,0,5,20,0,0,v2.6.0,0,101
eisenhowerlibrary.gov,eisenhowerlibrary.gov,eisenhowerlibrary.gov,200,0,0,0,0,0,5,0,0,0,,0,5
research.gov,research.gov,research.gov,200,0,0,0,0,0,0,0,0,0,,0,0
ncd.gov,ncd.gov,ncd.gov,200,0,0,0,0,0,0,0,0,0,,0,0
lsc.gov,lsc.gov,lsc.gov,200,0,0,0,0,0,0,0,5,0,,-10,0
mcc.gov,mcc.gov,mcc.gov,200,0,0,0,0,0,0,0,0,0,,0,0
fsafeds.gov,fsafeds.gov,fsafeds.gov,-1,0,0,0,0,0,0,0,0,0,,0,0
golearn.gov,golearn.gov,golearn.gov,-1,0,0,0,0,0,0,0,0,0,,0,0
nitrd.gov,nitrd.gov,nitrd.gov,200,0,0,0,0,0,0,0,0,0,,-10,0
ncua.gov,ncua.gov,ncua.gov,200,0,0,0,0,0,0,0,0,0,,0,0
pac.gov,pac.gov,pac.gov,-1,0,0,0,0,0,0,0,0,0,,0,0
cfo.gov,cfo.gov,cfo.gov,200,0,0,0,0,0,0,0,0,0,,0,0
clintonlibrary.gov,clintonlibrary.gov,clintonlibrary.gov,200,0,0,0,0,0,0,0,0,0,,0,0
usap.gov,usap.gov,usap.gov,200,0,0,0,0,0,0,0,0,0,,-60,0
ecr.gov,ecr.gov,ecr.gov,200,0,0,0,0,0,0,0,0,0,,-10,0
nea.gov,nea.gov,nea.gov,200,0,0,0,0,0,0,0,0,0,,0,0
oge.gov,oge.gov,oge.gov,200,0,0,0,0,0,0,0,0,0,,0,0
arts.gov,arts.gov,arts.gov,200,0,0,0,0,0,0,0,0,0,,0,0
employeeexpress.gov,employeeexpress.gov,employeeexpress.gov,200,0,0,0,0,0,0,0,0,0,,0,0
mycreditunion.gov,mycreditunion.gov,mycreditunion.gov,200,0,0,0,0,0,0,0,0,0,,0,0
neh.gov,neh.gov,neh.gov,200,0,0,0,0,0,0,0,0,0,,0,0
presidiotrust.gov,presidiotrust.gov,presidiotrust.gov,-1,0,0,0,0,0,0,0,0,0,,0,0
applicationmanager.gov,applicationmanager.gov,applicationmanager.gov,200,5,0,0,0,0,5,20,5,0,,0,35
fmcs.gov,fmcs.gov,fmcs.gov,200,0,0,0,0,0,5,0,0,0,,0,5
pclob.gov,pclob.gov,pclob.gov,200,45,8,0,20,0,0,20,0,0,,0,93
webharvest.gov,webharvest.gov,webharvest.gov,200,0,0,0,0,0,0,0,0,0,,0,0
nga.gov,nga.gov,nga.gov,200,0,0,0,0,0,0,0,0,0,,0,0
fedjobs.gov,fedjobs.gov,fedjobs.gov,200,35,0,0,0,0,5,20,5,0,,0,65
nlrb.gov,nlrb.gov,nlrb.gov,-1,0,0,0,0,0,0,0,0,0,,0,0
science360.gov,science360.gov,science360.gov,-1,0,0,0,0,0,0,0,0,0,,0,0
federaljobs.gov,federaljobs.gov,federaljobs.gov,200,35,0,0,0,0,5,20,5,0,,0,65
pbrb.gov,pbrb.gov,pbrb.gov,200,35,14,0,20,0,0,0,0,0,,0,69
nigc.gov,nigc.gov,nigc.gov,200,0,0,0,0,0,0,0,0,0,,0,0
usmint.gov,usmint.gov,usmint.gov,200,0,0,0,0,0,0,0,0,0,,0,0
sba.gov,sba.gov,sba.gov,200,0,0,0,0,0,0,0,0,0,,0,0
usastaffing.gov,usastaffing.gov,usastaffing.gov,200,0,0,0,0,0,0,0,0,0,,0,0
business.gov,business.gov,business.gov,200,0,0,0,0,0,0,0,0,0,,0,0
usajobs.gov,usajobs.gov,usajobs.gov,200,35,0,0,0,0,5,20,5,0,,0,65
telework.gov,telework.gov,telework.gov,200,0,0,0,0,0,0,0,0,0,,0,0
nrc-gateway.gov,nrc-gateway.gov,nrc-gateway.gov,-1,0,0,0,0,0,0,0,0,0,,0,0
governmentjobs.gov,governmentjobs.gov,governmentjobs.gov,200,35,0,0,0,0,5,20,5,0,,0,65
history.gov,history.gov,history.gov,200,0,0,0,0,0,0,0,0,0,,-20,0
chcoc.gov,chcoc.gov,chcoc.gov,200,0,0,0,0,0,5,0,5,0,,-10,0
ptf.gov,ptf.gov,ptf.gov,-1,0,0,0,0,0,0,0,0,0,,0,0
tsc.gov,tsc.gov,tsc.gov,403,0,0,0,0,0,0,0,0,0,,0,0
obamalibrary.gov,obamalibrary.gov,obamalibrary.gov,200,0,0,0,0,0,5,0,5,0,,0,10
worldwar1centennial.gov,worldwar1centennial.gov,worldwar1centennial.gov,403,0,0,0,0,0,0,0,0,0,,0,0
investor.gov,investor.gov,investor.gov,200,20,3,0,0,0,0,20,0,0,,0,43
nrc.gov,nrc.gov,nrc.gov,-1,0,0,0,0,0,0,0,0,0,,0,0
prc.gov,prc.gov,prc.gov,200,0,0,0,0,0,0,0,0,0,,0,0
sec.gov,sec.gov,sec.gov,200,0,0,0,0,0,0,0,0,0,,0,0
arctic.gov,arctic.gov,arctic.gov,200,0,0,0,0,0,0,0,0,0,,-30,0
tva.gov,tva.gov,tva.gov,-1,0,0,0,0,0,0,0,0,0,,0,0
civilrightsusa.gov,civilrightsusa.gov,civilrightsusa.gov,-1,0,0,0,0,0,0,0,0,0,,0,0
sss.gov,sss.gov,sss.gov,200,40,0,0,0,0,5,0,5,0,,0,50
usalearning.gov,usalearning.gov,usalearning.gov,200,0,0,0,0,0,0,0,0,0,,0,0
cfa.gov,cfa.gov,cfa.gov,-1,0,0,0,0,0,0,0,0,0,,0,0
socialsecurity.gov,socialsecurity.gov,socialsecurity.gov,200,0,0,0,0,0,0,0,0,0,,0,0
aff.gov,aff.gov,aff.gov,-1,0,0,0,0,0,0,0,0,0,,0,0
ars-grin.gov,ars-grin.gov,ars-grin.gov,-1,0,0,0,0,0,0,0,0,0,,0,0
segurosocial.gov,segurosocial.gov,segurosocial.gov,200,0,0,0,0,0,0,0,0,0,,0,0
arsusda.gov,arsusda.gov,arsusda.gov,-1,0,0,0,0,0,0,0,0,0,,0,0
usaid.gov,usaid.gov,usaid.gov,200,0,0,0,0,0,0,0,0,0,,0,0
ssa.gov,ssa.gov,ssa.gov,200,0,0,0,0,0,0,0,0,0,,0,0
unlocktalent.gov,unlocktalent.gov,unlocktalent.gov,200,0,0,0,0,0,5,0,5,0,,-40,0
imls.gov,imls.gov,imls.gov,200,5,2,0,0,0,0,0,0,0,,0,7
nixonlibrary.gov,nixonlibrary.gov,nixonlibrary.gov,200,45,4,0,0,0,5,20,5,0,,0,79
sbir.gov,sbir.gov,sbir.gov,200,0,0,0,0,0,0,0,0,0,,0,0
cybercareers.gov,cybercareers.gov,cybercareers.gov,200,0,0,0,0,0,5,0,5,0,,0,10
fegli.gov,fegli.gov,fegli.gov,200,0,0,0,0,0,0,0,0,0,,-70,0
biopreferred.gov,biopreferred.gov,biopreferred.gov,-1,0,0,0,0,0,0,0,0,0,,0,0
trumanlibrary.gov,trumanlibrary.gov,trumanlibrary.gov,200,30,6,0,0,0,5,20,5,0,,0,66
pbgc.gov,pbgc.gov,pbgc.gov,200,0,0,0,0,0,0,0,5,0,,0,5
dietaryguidelines.gov,dietaryguidelines.gov,dietaryguidelines.gov,200,55,22,0,20,0,0,0,0,0,,0,97
bosque.gov,bosque.gov,bosque.gov,200,0,0,0,20,0,5,0,5,0,,0,30
pmf.gov,pmf.gov,pmf.gov,200,0,0,0,0,0,0,0,0,0,,0,0
juniorforestranger.gov,juniorforestranger.gov,juniorforestranger.gov,-1,0,0,0,0,0,0,0,0,0,,0,0
icbemp.gov,icbemp.gov,icbemp.gov,-1,0,0,0,0,0,0,0,0,0,,0,0
itis.gov,itis.gov,itis.gov,200,0,0,0,0,0,0,0,0,0,,-60,0
ssab.gov,ssab.gov,ssab.gov,200,0,0,0,0,0,0,0,0,20,,0,20
usccr.gov,usccr.gov,usccr.gov,200,0,0,0,0,0,0,0,0,0,,0,0
nwcg.gov,nwcg.gov,nwcg.gov,-1,0,0,0,0,0,0,0,0,0,,0,0
invasivespeciesinfo.gov,invasivespeciesinfo.gov,invasivespeciesinfo.gov,200,15,0,0,20,0,0,0,0,0,,0,35
askkaren.gov,askkaren.gov,askkaren.gov,200,0,0,2,0,0,0,0,0,0,,0,2
rrb.gov,rrb.gov,rrb.gov,-1,0,0,0,0,0,0,0,0,0,,0,0
fedshirevets.gov,fedshirevets.gov,fedshirevets.gov,200,0,0,0,0,0,5,0,5,0,,0,10
lcacommons.gov,lcacommons.gov,lcacommons.gov,200,0,0,0,0,0,0,0,0,0,,0,0
recreation.gov,recreation.gov,recreation.gov,403,0,0,0,0,0,0,0,0,0,,0,0
usdapii.gov,usdapii.gov,usdapii.gov,-1,0,0,0,0,0,0,0,0,0,,0,0
neglecteddiseases.gov,neglecteddiseases.gov,neglecteddiseases.gov,200,0,0,0,0,0,0,0,0,0,,0,0
heritageabroad.gov,heritageabroad.gov,heritageabroad.gov,200,0,0,0,0,0,0,0,0,0,,0,0
feb.gov,feb.gov,feb.gov,200,0,0,0,0,0,0,0,0,0,,0,0
forestsandrangelands.gov,forestsandrangelands.gov,forestsandrangelands.gov,200,40,20,0,20,0,5,20,5,0,v1.6.3,0,150
nwbc.gov,nwbc.gov,nwbc.gov,200,0,0,0,0,0,0,0,0,0,,0,0
woodsyowl.gov,woodsyowl.gov,woodsyowl.gov,-1,0,0,0,0,0,0,0,0,0,,0,0
woodsy.gov,woodsy.gov,woodsy.gov,-1,0,0,0,0,0,0,0,0,0,,0,0
oscnet.gov,oscnet.gov,oscnet.gov,-1,0,0,0,0,0,0,0,0,0,,0,0
reo.gov,reo.gov,reo.gov,-1,0,0,0,0,0,0,0,0,0,,0,0
nbrc.gov,nbrc.gov,nbrc.gov,200,0,0,0,0,0,0,0,0,0,,0,0
uscirf.gov,uscirf.gov,uscirf.gov,200,0,0,0,0,0,0,0,5,0,,0,5
smokeybear.gov,smokeybear.gov,smokeybear.gov,-1,0,0,0,0,0,0,0,0,0,,0,0
symbols.gov,symbols.gov,symbols.gov,200,0,0,0,0,0,0,0,0,0,,-480,0
execsec.gov,execsec.gov,execsec.gov,200,0,0,0,0,0,5,0,0,0,,0,5
choosemyplate.gov,choosemyplate.gov,choosemyplate.gov,200,60,10,1,20,0,0,0,0,0,,0,91
ushmm.gov,ushmm.gov,ushmm.gov,-1,0,0,0,0,0,0,0,0,0,,0,0
access-board.gov,access-board.gov,access-board.gov,-1,0,0,0,0,0,0,0,0,0,,0,0
nutrition.gov,nutrition.gov,nutrition.gov,200,0,0,0,0,0,0,0,0,0,,0,0
usip.gov,usip.gov,usip.gov,-1,0,0,0,0,0,0,0,0,0,,0,0
abilityone.gov,abilityone.gov,abilityone.gov,200,0,0,0,0,0,0,0,0,0,,-100,0
jwod.gov,jwod.gov,jwod.gov,200,0,0,0,0,0,0,0,0,0,,-100,0
befoodsafe.gov,befoodsafe.gov,befoodsafe.gov,200,0,0,0,0,0,0,0,0,0,,-30,0
ata.gov,ata.gov,ata.gov,-1,0,0,0,0,0,0,0,0,0,,0,0
farmers.gov,farmers.gov,farmers.gov,200,40,1,0,20,0,5,20,5,20,,0,111
isitdoneyet.gov,isitdoneyet.gov,isitdoneyet.gov,200,0,0,0,0,0,0,0,0,0,,-50,0
myplate.gov,myplate.gov,myplate.gov,200,60,10,1,20,0,0,0,0,0,,0,91
usitcoig.gov,usitcoig.gov,usitcoig.gov,-1,0,0,0,0,0,0,0,0,0,,0,0
dfafacts.gov,dfafacts.gov,dfafacts.gov,-1,0,0,0,0,0,0,0,0,0,,0,0
osc.gov,osc.gov,osc.gov,200,20,1,0,0,0,5,20,5,0,,-20,31
foodsafetyjobs.gov,foodsafetyjobs.gov,foodsafetyjobs.gov,200,0,0,0,0,0,0,0,0,0,,-30,0
peacecorps.gov,peacecorps.gov,peacecorps.gov,200,0,0,0,0,0,0,0,0,0,,0,0
changeofaddress.gov,changeofaddress.gov,changeofaddress.gov,-1,0,0,0,0,0,0,0,0,0,,0,0
adf.gov,adf.gov,adf.gov,200,0,0,0,0,0,0,0,0,0,,0,0
ofda.gov,ofda.gov,ofda.gov,-1,0,0,0,0,0,0,0,0,0,,0,0
mail.gov,mail.gov,mail.gov,-1,0,0,0,0,0,0,0,0,0,,0,0
nafri.gov,nafri.gov,nafri.gov,200,0,0,0,0,0,0,0,0,0,,0,0
postoffice.gov,postoffice.gov,postoffice.gov,-1,0,0,0,0,0,0,0,0,0,,0,0
myusps.gov,myusps.gov,myusps.gov,-1,0,0,0,0,0,0,0,0,0,,0,0
usps.gov,usps.gov,usps.gov,-1,0,0,0,0,0,0,0,0,0,,0,0
peacecorpsoig.gov,peacecorpsoig.gov,peacecorpsoig.gov,-1,0,0,0,0,0,0,0,0,0,,0,0
sc-us.gov,sc-us.gov,sc-us.gov,-1,0,0,0,0,0,0,0,0,0,,0,0
osdls.gov,osdls.gov,osdls.gov,-1,0,0,0,0,0,0,0,0,0,,0,0
scinet-test.gov,scinet-test.gov,scinet-test.gov,-1,0,0,0,0,0,0,0,0,0,,0,0
scinet.gov,scinet.gov,scinet.gov,-1,0,0,0,0,0,0,0,0,0,,0,0
scus.gov,scus.gov,scus.gov,-1,0,0,0,0,0,0,0,0,0,,0,0
uspsinformeddelivery.gov,uspsinformeddelivery.gov,uspsinformeddelivery.gov,-1,0,0,0,0,0,0,0,0,0,,0,0
supreme-court.gov,supreme-court.gov,supreme-court.gov,-1,0,0,0,0,0,0,0,0,0,,0,0
uspsinnovates.gov,uspsinnovates.gov,uspsinnovates.gov,-1,0,0,0,0,0,0,0,0,0,,0,0
bankruptcy.gov,bankruptcy.gov,bankruptcy.gov,-1,0,0,0,0,0,0,0,0,0,,0,0
supremecourtus.gov,supremecourtus.gov,supremecourtus.gov,-1,0,0,0,0,0,0,0,0,0,,0,0
federalcourts.gov,federalcourts.gov,federalcourts.gov,-1,0,0,0,0,0,0,0,0,0,,0,0
federalprobation.gov,federalprobation.gov,federalprobation.gov,-1,0,0,0,0,0,0,0,0,0,,0,0
federalrules.gov,federalrules.gov,federalrules.gov,-1,0,0,0,0,0,0,0,0,0,,0,0
cavc.gov,cavc.gov,cavc.gov,-1,0,0,0,0,0,0,0,0,0,,0,0
uspsoig.gov,uspsoig.gov,uspsoig.gov,-1,0,0,0,0,0,0,0,0,0,,0,0
nwtrb.gov,nwtrb.gov,nwtrb.gov,200,0,0,0,0,0,0,0,0,0,,0,0
ag.gov,ag.gov,ag.gov,-1,0,0,0,0,0,0,0,0,0,,0,0
judicialconference.gov,judicialconference.gov,judicialconference.gov,-1,0,0,0,0,0,0,0,0,0,,0,0
usc.gov,usc.gov,usc.gov,-1,0,0,0,0,0,0,0,0,0,,0,0
usbankruptcy.gov,usbankruptcy.gov,usbankruptcy.gov,-1,0,0,0,0,0,0,0,0,0,,0,0
usprobation.gov,usprobation.gov,usprobation.gov,-1,0,0,0,0,0,0,0,0,0,,0,0
nmcourt.fed.us,nmcourt.fed.us,nmcourt.fed.us,503,0,0,0,0,0,0,0,0,0,,0,0
ussc.gov,ussc.gov,ussc.gov,-1,0,0,0,0,0,0,0,0,0,,0,0
childreninadversity.gov,childreninadversity.gov,childreninadversity.gov,200,0,0,0,0,0,0,0,0,0,,0,0
usadf.gov,usadf.gov,usadf.gov,200,0,0,0,0,0,0,0,0,0,,0,0
empowhr.gov,empowhr.gov,empowhr.gov,-1,0,0,0,0,0,0,0,0,0,,0,0
fjc.gov,fjc.gov,fjc.gov,200,0,0,0,0,0,0,0,0,0,,0,0
usitc.gov,usitc.gov,usitc.gov,200,5,0,0,20,0,0,0,0,0,,0,25
opm.gov,opm.gov,opm.gov,200,0,0,0,0,0,0,0,0,0,,-70,0
visitthecapital.gov,visitthecapital.gov,visitthecapital.gov,-1,0,0,0,0,0,0,0,0,0,,0,0
uscapitol.gov,uscapitol.gov,uscapitol.gov,-1,0,0,0,0,0,0,0,0,0,,0,0
opic.gov,opic.gov,opic.gov,200,0,0,0,0,0,0,0,0,0,,0,0
usda.gov,usda.gov,usda.gov,200,50,0,0,20,0,5,0,0,0,,0,75
fs.fed.us,fs.fed.us,fs.fed.us,-1,0,0,0,0,0,0,0,0,0,,0,0
globalchange.gov,globalchange.gov,globalchange.gov,200,0,0,0,0,0,0,0,0,0,,0,0
usgcrp.gov,usgcrp.gov,usgcrp.gov,200,0,0,0,0,0,0,0,0,0,,0,0
fedreg.gov,fedreg.gov,fedreg.gov,-1,0,0,0,0,0,0,0,0,0,,0,0
uscourts.gov,uscourts.gov,uscourts.gov,200,0,0,0,0,0,0,0,0,0,,0,0
capitol.gov,capitol.gov,capitol.gov,200,0,0,0,0,0,0,0,0,0,,0,0
ustda.gov,ustda.gov,ustda.gov,200,0,0,0,0,0,0,0,0,0,,0,0
sji.gov,sji.gov,sji.gov,200,0,0,0,0,0,5,0,5,0,,0,10
pregunteleakaren.gov,pregunteleakaren.gov,pregunteleakaren.gov,200,0,0,0,0,0,0,0,0,0,,0,0
ecfr.gov,ecfr.gov,ecfr.gov,200,0,0,0,0,0,0,0,0,0,,0,0
dfc.gov,dfc.gov,dfc.gov,200,0,0,0,0,0,0,0,0,0,,0,0
fdsys.gov,fdsys.gov,fdsys.gov,200,0,0,0,0,0,0,0,0,0,,-20,0
usgovernmentmanual.gov,usgovernmentmanual.gov,usgovernmentmanual.gov,-1,0,0,0,0,0,0,0,0,0,,0,0
exim.gov,exim.gov,exim.gov,200,0,0,0,0,0,0,0,0,0,,-10,0
tvaoig.gov,tvaoig.gov,tvaoig.gov,200,0,0,0,0,0,0,0,0,0,,0,0
ustaxcourt.gov,ustaxcourt.gov,ustaxcourt.gov,200,0,0,0,0,0,0,0,0,0,,-150,0
usidfc.gov,usidfc.gov,usidfc.gov,200,0,0,0,0,0,0,0,0,0,,0,0
usdfc.gov,usdfc.gov,usdfc.gov,200,0,0,0,0,0,0,0,0,0,,0,0
americaslibrary.gov,americaslibrary.gov,americaslibrary.gov,200,0,0,0,0,0,0,0,0,0,,-20,0
govinfo.gov,govinfo.gov,govinfo.gov,200,0,0,0,0,0,0,0,0,0,,0,0
idfc.gov,idfc.gov,idfc.gov,200,0,0,0,0,0,0,0,0,0,,0,0
pacer.gov,pacer.gov,pacer.gov,200,0,0,0,0,0,0,0,0,0,,-10,0
congressionaldirectory.gov,congressionaldirectory.gov,congressionaldirectory.gov,200,0,0,0,0,0,0,0,0,0,,0,0
congressionalrecord.gov,congressionalrecord.gov,congressionalrecord.gov,200,0,0,0,0,0,0,0,0,0,,0,0
presidio.gov,presidio.gov,presidio.gov,200,0,0,0,0,0,0,0,0,0,,0,0
lctl.gov,lctl.gov,lctl.gov,-1,0,0,0,0,0,0,0,0,0,,0,0
americanmemory.gov,americanmemory.gov,americanmemory.gov,200,0,0,0,0,0,0,0,0,0,,0,0
ofr.gov,ofr.gov,ofr.gov,200,0,0,0,0,0,5,0,5,0,,0,10
ich.gov,ich.gov,ich.gov,200,0,0,0,0,0,5,0,0,0,,0,5
housecalendar.gov,housecalendar.gov,housecalendar.gov,200,0,0,0,0,0,0,0,0,0,,0,0
pmi.gov,pmi.gov,pmi.gov,200,0,0,0,0,0,5,0,0,0,,0,5
itap.gov,itap.gov,itap.gov,200,0,0,0,0,0,0,0,0,0,,-10,0
digitalpreservation.gov,digitalpreservation.gov,digitalpreservation.gov,200,0,0,0,0,0,0,0,0,0,,0,0
stb.gov,stb.gov,stb.gov,200,5,0,0,0,0,0,0,0,0,,-10,0
uscode.gov,uscode.gov,uscode.gov,200,0,0,0,0,0,0,0,0,0,,0,0
usbg.gov,usbg.gov,usbg.gov,200,0,0,0,0,0,0,0,0,0,,-10,0
mmc.gov,mmc.gov,mmc.gov,200,0,0,0,0,0,5,0,0,0,,0,5
senatecalendar.gov,senatecalendar.gov,senatecalendar.gov,200,0,0,0,0,0,0,0,0,0,,0,0
presidentialdocuments.gov,presidentialdocuments.gov,presidentialdocuments.gov,200,0,0,0,0,0,0,0,0,0,,0,0
visitthecapitol.gov,visitthecapitol.gov,visitthecapitol.gov,200,0,0,0,0,0,0,0,0,0,,0,0
section108.gov,section108.gov,section108.gov,200,0,0,0,0,0,0,0,0,0,,0,0
crb.gov,crb.gov,crb.gov,200,0,0,0,0,0,0,0,0,0,,0,0
libraryofcongress.gov,libraryofcongress.gov,libraryofcongress.gov,200,0,0,0,0,0,0,0,0,0,,0,0
federalregister.gov,federalregister.gov,federalregister.gov,200,0,0,0,0,0,0,0,0,0,,-100,0
law.gov,law.gov,law.gov,200,0,0,0,0,0,0,0,0,0,,0,0
loc.gov,loc.gov,loc.gov,200,0,0,0,0,0,0,0,0,0,,0,0
loctps.gov,loctps.gov,loctps.gov,200,0,0,0,0,0,0,0,0,0,,0,0
read.gov,read.gov,read.gov,200,0,0,0,0,0,0,0,0,0,,0,0
aoc.gov,aoc.gov,aoc.gov,200,0,0,0,0,0,5,0,0,0,,0,5
literacy.gov,literacy.gov,literacy.gov,200,0,0,0,0,0,0,0,0,0,,0,0
tps.gov,tps.gov,tps.gov,200,0,0,0,0,0,0,0,0,0,,0,0
compliance.gov,compliance.gov,compliance.gov,200,0,0,0,0,0,0,0,0,0,,0,0
macpac.gov,macpac.gov,macpac.gov,200,0,0,0,0,0,0,0,0,0,,0,0
supremecourt.gov,supremecourt.gov,supremecourt.gov,200,0,0,0,0,0,0,0,0,0,,-40,0
ocwr.gov,ocwr.gov,ocwr.gov,200,0,0,0,0,0,0,0,0,0,,0,0
feedthefuture.gov,feedthefuture.gov,feedthefuture.gov,-1,0,0,0,0,0,0,0,0,0,,0,0
democrats.gov,democrats.gov,democrats.gov,-1,0,0,0,0,0,0,0,0,0,,0,0
globe.gov,globe.gov,globe.gov,200,0,0,0,0,0,0,0,0,0,,0,0
chinacommission.gov,chinacommission.gov,chinacommission.gov,200,0,0,0,0,0,0,0,0,0,,-40,0
purchasing.gov,purchasing.gov,purchasing.gov,-1,0,0,0,0,0,0,0,0,0,,0,0
congress.gov,congress.gov,congress.gov,200,0,0,0,0,0,0,0,0,0,,0,0
jewishheritage.gov,jewishheritage.gov,jewishheritage.gov,200,0,0,0,0,0,0,0,0,0,,0,0
cbonews.gov,cbonews.gov,cbonews.gov,200,0,0,0,0,0,0,0,0,0,,0,0
copyright.gov,copyright.gov,copyright.gov,200,0,0,0,0,0,0,0,0,0,,0,0
housecommunications.gov,housecommunications.gov,housecommunications.gov,404,0,0,0,0,0,0,0,0,0,,0,0
unitedstatescongress.gov,unitedstatescongress.gov,unitedstatescongress.gov,200,0,0,0,0,0,0,0,0,0,,0,0
uscongress.gov,uscongress.gov,uscongress.gov,200,0,0,0,0,0,0,0,0,0,,0,0
uscavc.gov,uscavc.gov,uscavc.gov,-1,0,0,0,0,0,0,0,0,0,,0,0
thomas.gov,thomas.gov,thomas.gov,200,0,0,0,0,0,0,0,0,0,,0,0
houselive.gov,houselive.gov,houselive.gov,-1,0,0,0,0,0,0,0,0,0,,0,0
usich.gov,usich.gov,usich.gov,200,0,0,0,0,0,5,0,5,0,,0,10
capital.gov,capital.gov,capital.gov,-1,0,0,0,0,0,0,0,0,0,,0,0
uscapital.gov,uscapital.gov,uscapital.gov,-1,0,0,0,0,0,0,0,0,0,,0,0
cecc.gov,cecc.gov,cecc.gov,200,0,0,0,0,0,0,0,0,0,,0,0
housenewsletters.gov,housenewsletters.gov,housenewsletters.gov,-1,0,0,0,0,0,0,0,0,0,,0,0
democraticleader.gov,democraticleader.gov,democraticleader.gov,200,0,0,0,0,0,0,0,0,0,,0,0
cbo.gov,cbo.gov,cbo.gov,200,0,0,0,0,0,5,0,0,0,,0,5
hispanicheritagemonth.gov,hispanicheritagemonth.gov,hispanicheritagemonth.gov,200,0,0,0,0,0,0,0,0,0,,0,0
republicans.gov,republicans.gov,republicans.gov,503,0,0,0,0,0,0,0,0,0,,0,0
ppdcecc.gov,ppdcecc.gov,ppdcecc.gov,200,0,0,0,0,0,0,0,0,0,,-80,0
africanamericanhistorymonth.gov,africanamericanhistorymonth.gov,africanamericanhistorymonth.gov,200,0,0,0,0,0,0,0,0,0,,0,0
jct.gov,jct.gov,jct.gov,-1,0,0,0,0,0,0,0,0,0,,0,0
house.gov,house.gov,house.gov,200,0,0,0,0,0,0,0,0,0,,-120,0
gopleader.gov,gopleader.gov,gopleader.gov,200,0,0,0,0,0,0,0,0,0,,0,0
tmdbhouse.gov,tmdbhouse.gov,tmdbhouse.gov,-1,0,0,0,0,0,0,0,0,0,,0,0
ushouse.gov,ushouse.gov,ushouse.gov,-1,0,0,0,0,0,0,0,0,0,,0,0
majorityleader.gov,majorityleader.gov,majorityleader.gov,200,0,0,0,0,0,0,0,0,0,,0,0
ushr.gov,ushr.gov,ushr.gov,-1,0,0,0,0,0,0,0,0,0,,0,0
uscapitolpolice.gov,uscapitolpolice.gov,uscapitolpolice.gov,-1,0,0,0,0,0,0,0,0,0,,0,0
uscp.gov,uscp.gov,uscp.gov,-1,0,0,0,0,0,0,0,0,0,,0,0
dems.gov,dems.gov,dems.gov,200,0,0,0,0,0,0,0,0,0,,0,0
usa250.gov,usa250.gov,usa250.gov,200,0,0,0,0,0,0,0,0,0,,0,0
ussemiquincentennial.gov,ussemiquincentennial.gov,ussemiquincentennial.gov,200,0,0,0,0,0,0,0,0,0,,0,0
inspire2serve.gov,inspire2serve.gov,inspire2serve.gov,200,0,0,0,0,0,0,0,0,0,,-20,0
crs.gov,crs.gov,crs.gov,-1,0,0,0,0,0,0,0,0,0,,0,0
housedems.gov,housedems.gov,housedems.gov,200,0,0,0,0,0,0,0,0,0,,0,0
housedemocrats.gov,housedemocrats.gov,housedemocrats.gov,200,0,0,0,0,0,0,0,0,0,,0,0
whdpc.gov,whdpc.gov,whdpc.gov,-1,0,0,0,0,0,0,0,0,0,,0,0
america250.gov,america250.gov,america250.gov,503,0,0,0,0,0,0,0,0,0,,0,0
nativeamericanheritagemonth.gov,nativeamericanheritagemonth.gov,nativeamericanheritagemonth.gov,200,0,0,0,0,0,0,0,0,0,,0,0
asianpacificheritage.gov,asianpacificheritage.gov,asianpacificheritage.gov,200,0,0,0,0,0,0,0,0,0,,0,0
solarium.gov,solarium.gov,solarium.gov,200,0,0,0,0,0,0,0,0,0,,0,0
republicanleader.gov,republicanleader.gov,republicanleader.gov,200,0,0,0,0,0,0,0,0,0,,0,0
gaonet.gov,gaonet.gov,gaonet.gov,-1,0,0,0,0,0,0,0,0,0,,0,0
fasab.gov,fasab.gov,fasab.gov,200,0,0,0,0,0,0,0,0,0,,-20,0
gpo.gov,gpo.gov,gpo.gov,200,0,0,0,0,0,0,0,0,0,,0,0
jewishheritagemonth.gov,jewishheritagemonth.gov,jewishheritagemonth.gov,200,0,0,0,0,0,0,0,0,0,,0,0
womenshistorymonth.gov,womenshistorymonth.gov,womenshistorymonth.gov,200,0,0,0,0,0,0,0,0,0,,0,0
csce.gov,csce.gov,csce.gov,200,0,0,0,0,0,0,0,0,0,,0,0
digitizationguidelines.gov,digitizationguidelines.gov,digitizationguidelines.gov,200,0,0,0,0,0,0,0,0,0,,0,0
china-commission.gov,china-commission.gov,china-commission.gov,-1,0,0,0,0,0,0,0,0,0,,0,0
gopwhip.gov,gopwhip.gov,gopwhip.gov,200,0,0,0,0,0,0,0,0,0,,0,0
democraticwhip.gov,democraticwhip.gov,democraticwhip.gov,200,0,0,0,0,0,0,0,0,0,,0,0
mtbs.gov,mtbs.gov,mtbs.gov,200,0,0,0,0,0,0,0,0,0,,0,0
minoritywhip.gov,minoritywhip.gov,minoritywhip.gov,200,0,0,0,0,0,0,0,0,0,,0,0
eseclab.gov,eseclab.gov,eseclab.gov,-1,0,0,0,0,0,0,0,0,0,,0,0
lis.gov,lis.gov,lis.gov,200,0,0,0,0,0,0,0,0,0,,0,0
majoritywhip.gov,majoritywhip.gov,majoritywhip.gov,200,0,0,0,0,0,0,0,0,0,,0,0
sen.gov,sen.gov,sen.gov,200,0,0,0,0,0,0,0,0,0,,0,0
openworld.gov,openworld.gov,openworld.gov,200,0,0,0,0,0,5,0,0,0,,0,5
housed.gov,housed.gov,housed.gov,-1,0,0,0,0,0,0,0,0,0,,0,0
oshrc.gov,oshrc.gov,oshrc.gov,200,0,0,0,0,0,0,0,0,0,,0,0
republicanwhip.gov,republicanwhip.gov,republicanwhip.gov,200,0,0,0,0,0,0,0,0,0,,0,0
nbib.gov,nbib.gov,nbib.gov,200,0,0,0,0,0,0,0,0,0,,-10,0
pdbcecc.gov,pdbcecc.gov,pdbcecc.gov,-1,0,0,0,0,0,0,0,0,0,,0,0
stennis.gov,stennis.gov,stennis.gov,200,0,0,0,0,0,0,0,0,0,,0,0
gop.gov,gop.gov,gop.gov,200,0,0,0,0,0,0,0,0,0,,-10,0
taxreform.gov,taxreform.gov,taxreform.gov,-1,0,0,0,0,0,0,0,0,0,,0,0
uscc.gov,uscc.gov,uscc.gov,200,0,0,0,0,0,5,0,0,0,,0,5
speaker.gov,speaker.gov,speaker.gov,200,0,0,0,0,0,0,0,0,0,,0,0
wildfire.gov,wildfire.gov,wildfire.gov,-1,0,0,0,0,0,0,0,0,0,,0,0
senate.gov,senate.gov,senate.gov,200,0,0,0,0,0,0,0,0,0,,0,0
samhsa.gov,samhsa.gov,samhsa.gov,200,0,0,0,0,0,0,0,0,0,,0,0
uspis.gov,uspis.gov,uspis.gov,200,0,0,0,0,0,0,0,0,0,,0,0
fdlp.gov,fdlp.gov,fdlp.gov,200,0,0,0,0,0,0,0,0,0,,0,0
mentalhealth.gov,mentalhealth.gov,mentalhealth.gov,200,0,0,0,0,0,0,0,0,0,,0,0
nel.gov,nel.gov,nel.gov,200,50,32,2,20,0,5,20,5,0,,0,134
iaf.gov,iaf.gov,iaf.gov,200,0,0,0,0,0,5,0,0,0,,0,5
gao.gov,gao.gov,gao.gov,200,0,0,0,0,0,0,0,0,0,,0,0
fhfaoig.gov,fhfaoig.gov,fhfaoig.gov,200,0,0,0,0,0,0,0,0,0,,0,0
medpac.gov,medpac.gov,medpac.gov,200,0,0,0,0,0,0,0,0,0,,0,0
hearttruth.gov,hearttruth.gov,hearttruth.gov,200,0,0,0,0,0,0,0,0,0,,0,0
